year,month_number,produccion,importaciones,exportaciones_totales,consumo_nacional_aparente,inventario_inicial,inventario_final,oferta_total,demanda_total,net_exports,supply_demand_ratio,demand_pressure,excess_supply,inventory_to_consumption,inventory_months,production_share
2008,10,0.0,667,95127,402187,1864446,1367800,1865113,497314,94460.0,3.750373003776286,0.26664014459177543,1367799.0,3.4009055489113273,40.81086658693592,0.0
2008,11,63468.0,652,120752,378591,1367800,932577,1431920,499343,120100.0,2.8676080369605663,0.3487226940052517,932577.0,2.4632835962820034,29.559403155384043,0.044323705234929324
2008,12,540159.0,712,80482,378529,932577,1014438,1473448,459010,79770.0,3.2100564257859308,0.3115216824753911,1014437.0,2.679947903595233,32.1593748431428,0.36659522426308905
2009,1,928551.0,865,69815,441046,1014438,1432992,1943854,510861,68950.0,3.80505460389421,0.2628083179086495,1432993.0,3.249076060093505,38.988912721122055,0.47768556692014935
2009,2,1029810.0,756,109910,477412,1432992,1876236,2463558,587322,109154.0,4.194561075525861,0.23840396694536925,1876236.0,3.930014327247744,47.16017192697293,0.4180173553859905
2009,3,1164418.0,825,163008,427392,1876236,2451079,3041479,590400,162183.0,5.151556571815719,0.19411608628565247,2451079.0,5.734966962413896,68.81960354896675,0.3828459772367325
2009,4,883925.0,775,148669,525153,2451079,2661957,3335778,673822,147894.0,4.950532930061648,0.20199839377848472,2661957.0,5.06891705845725,60.82700470148699,0.2649831613494663
2009,5,326013.0,866,169814,362905,2661957,2456116,2988835,532719,168948.0,5.610528252230538,0.17823627659731078,2456117.0,6.767931001226216,81.2151720147146,0.10907694804162826
2009,6,26152.0,1037,102387,425296,2456116,1955621,2483304,527683,101350.0,4.706052686935148,0.21249222306563229,1955622.0,4.598258624581468,55.17910349497761,0.010531131105978165
2009,7,0.0,797,100145,358337,1955621,1497936,1956418,458482,99348.0,4.267164250723038,0.23434767007868462,1497936.0,4.18024373704083,50.162924844489964,0.0
2009,8,0.0,722,57068,379402,1497936,1062188,1498658,436470,56346.0,3.4335876463445367,0.29124056322389763,1062188.0,2.799637323999346,33.59564788799216,0.0
2009,9,0.0,26276,63844,436725,1062188,587895,1088464,500569,37568.0,2.174453471948922,0.4598856737567802,587895.0,1.3461445990039498,16.1537351880474,0.0
2009,10,0.0,134833,45392,383269,587895,294067,722728,428661,-89441.0,1.6860129566253985,0.593115252211067,294067.0,0.7672600706031534,9.20712084723784,0.0
2009,11,102707.0,122207,24392,330822,294067,163767,518982,355214,-97815.0,1.4610403869216866,0.6844450952925059,163767.0,0.4950305602408546,5.940366722890255,0.19790089058965435
2009,12,525703.0,121165,28407,423668,163767,358535,810610,452075,-92758.0,1.7930874301830448,0.55768009029958,358560.0,0.8462640558172909,10.155168669807491,0.6485276520151491
2010,1,855916.0,12938,36310,365321,358535,825819,1227450,401631,23372.0,3.0561634933558417,0.3272238874554033,825758.0,2.2605297806586537,27.126357367903843,0.6973123141472157
2010,2,730154.0,2573,48896,340168,825819,1170312,1559376,389064,46323.0,4.008019246190858,0.2496326704505353,1169482.0,3.4403941581806636,41.28472989816797,0.46823472978935166
2010,3,1130472.0,37598,41423,366780,1170312,1930179,2338382,408203,3825.0,5.728478232644052,0.17456643097663255,1930179.0,5.262497955177491,63.14997546212989,0.48344196970383796
2010,4,939761.0,88115,42673,445680,1930179,2469701,2958055,488353,-45442.0,6.057206569837802,0.1650926030787122,2469702.0,5.541422096571531,66.49706515885838,0.31769558037291395
2010,5,465987.0,82915,32330,402884,2469701,2582835,3018049,435214,-50585.0,6.934632157972859,0.1441772899583019,2583389.0,6.410865162180677,76.93038194616814,0.15440007766606836
2010,6,74061.0,6033,44698,386376,2582835,2231855,2662930,431074,38665.0,6.177431253102715,0.16187964455680193,2231855.0,5.7763810381597205,69.31657245791664,0.027811846349697515
2010,7,778.0,351,79034,402230,2231855,1751720,2232984,481264,78683.0,4.639831776322351,0.21552505526237536,1751720.0,4.355020759267086,52.260249111205034,0.0003484127069428173
2010,8,0.0,942,214643,242413,1751720,1295607,1752662,457055,213701.0,3.8346851035433374,0.26077817628270594,1295606.0,5.344626732064699,64.1355207847764,0.0
2010,9,0.0,495,113275,263953,1295607,918099,1295327,377228,112780.0,3.433803959409164,0.29104808109238317,918874.0,3.478266964194383,41.7392035703326,0.0
2010,10,6010.0,1051,83193,280096,918099,561871,925159,363289,82142.0,2.546619908667755,0.39267694236672573,561871.0,2.005994373357706,24.07193248029247,0.006496180656514178
2010,11,210313.0,12031,77510,288680,561871,418024,784214,366190,65479.0,2.141549468854966,0.4669510274605816,418025.0,1.4480532077040322,17.376638492448386,0.2681831744906365
2010,12,694272.0,41886,77385,362981,418024,713815,1154182,440367,35499.0,2.6209547945236586,0.38153947990871456,713816.0,1.966535438494026,23.59842526192831,0.6015273154493832
2011,1,978433.0,354,104610,425843,713815,1162149,1692602,530453,104256.0,3.190861395825832,0.31339499776084395,1162149.0,2.729055074287942,32.7486608914553,0.5780644238870095
2011,2,1023435.0,2929,223550,302968,1162149,1661996,2188513,526518,220621.0,4.156577742831204,0.24058253252322467,1661995.0,5.4857146629347,65.8285759552164,0.46763944285457754
2011,3,1140686.0,9424,164188,410196,1661996,2237721,2812106,574384,154764.0,4.895864090921752,0.20425403594316857,2237722.0,5.455248222800807,65.46297867360968,0.40563406927050405
2011,4,804296.0,5739,204404,369137,2237721,2474215,3047756,573541,198665.0,5.3139287339527606,0.18818468407575933,2474215.0,6.702701165150066,80.43241398180079,0.2638977660941361
2011,5,280345.0,375,164164,224321,2474215,2366451,2754935,388485,163789.0,7.091483583664749,0.14101421630637384,2366450.0,10.54939573200904,126.59274878410848,0.10176102158490127
2011,6,45711.0,389,142343,333045,2366451,1937162,2412550,475388,141954.0,5.074907233670181,0.1970478551541501,1937163.0,5.816517287453648,69.79820744944377,0.018947172079335144
2011,7,0.0,408,81774,333720,1937162,1522077,1937570,415493,81366.0,4.663303593562347,0.21444076859158637,1522076.0,4.56094030924128,54.73128371089536,0.0
2011,8,0.0,751,92581,310561,1522077,1119685,1522828,403142,91830.0,3.7773985345114127,0.26473245829469905,1119686.0,3.605362553572406,43.26435064286888,0.0
2011,9,0.0,32112,83456,308436,1119685,759906,1151798,391892,51344.0,2.939069947842773,0.34024398396592453,759905.0,2.463739641287009,29.564875695444112,0.0
2011,10,0.0,18693,75702,271597,759906,431301,778599,347299,57009.0,2.24186939783875,0.4460563139690649,431300.0,1.5880182770796438,19.056219324955727,0.0
2011,11,116495.0,40867,53789,297612,431301,237260,588662,351401,12922.0,1.6751858987310793,0.5969476593568817,237262.0,0.7972124779914789,9.566549735897746,0.1978979448308197
2011,12,635149.0,39238,50087,360387,237260,501174,911648,410474,10849.0,2.220964056188699,0.4502554168444584,501173.0,1.3906550458257374,16.687860549908848,0.6967042103969954
2012,1,940295.0,124049,62285,462403,501174,1040831,1565519,524688,-61764.0,2.9837141310645565,0.33515296534437805,1040830.0,2.250917489722169,27.011009876666023,0.6006282900431104
2012,2,866462.0,1749,103484,323517,1040831,1482042,1909042,427001,101735.0,4.470813885681767,0.2236729207633986,1482041.0,4.5810328359869805,54.97239403184377,0.4538726754047318
2012,3,1109993.0,2032,102172,365198,1482042,2126697,2594066,467370,100140.0,5.550347690266812,0.1801688237042451,2126697.0,5.823408123812288,69.88089748574745,0.427896977177913
2012,4,824176.0,1639,116765,365571,2126697,2470176,2952512,482335,115126.0,6.1212891455109,0.16336461968655844,2470176.0,6.757034885152269,81.08441862182723,0.27914399670517853
2012,5,464250.0,1157,80109,338344,2470176,2517130,2935583,418453,78952.0,7.015323106776627,0.14254510943822743,2517130.0,7.439558555789374,89.27470266947249,0.15814575844048695
2012,6,91649.0,1506,56968,357074,2517130,2196243,2610284,414042,55462.0,6.304394240197854,0.1586194610933289,2196243.0,6.150666248452701,73.80799498143242,0.035110738908103484
2012,7,0.0,1623,90191,342697,2196243,1764978,2197866,432887,88568.0,5.077228006385038,0.19695832229990362,1764978.0,5.1502580997207446,61.803097196648935,0.0
2012,8,0.0,2024,87596,350491,1764978,1328914,1767002,438088,85572.0,4.033440769890981,0.24792671428781632,1328915.0,3.791578100436245,45.498937205234945,0.0
2012,9,0.0,1884,61999,303207,1328914,965593,1330799,365206,60115.0,3.643968061860977,0.27442632165061864,965592.0,3.184599959763462,38.215199517161544,0.0
2012,10,14144.0,1777,110823,319585,965593,551106,981514,430408,109046.0,2.280426943737105,0.43851437676895083,551106.0,1.7244426365442684,20.69331163853122,0.014410390478383396
2012,11,324108.0,1671,58384,280817,551106,537684,876885,339200,56713.0,2.58515625,0.38682495424143415,537684.0,1.914713140586218,22.976557687034617,0.3696128910860603
2012,12,881035.0,870,81205,318543,537684,1019841,1419589,399748,80335.0,3.5512097621501546,0.28159417972384965,1019841.0,3.2015803203963045,38.41896384475565,0.6206268152260971
2013,1,1074470.0,403,112130,439960,1019841,1542623,2094714,552090,111727.0,3.7941531272075206,0.2635634267971666,1542624.0,3.506280116374216,42.075361396490585,0.5129435331028485
2013,2,1106582.0,496,144962,344373,1540357,2158100,2647435,489335,144466.0,5.4102710821829625,0.18483362197749897,2158100.0,6.266751458447672,75.20101750137206,0.41798268890454343
2013,3,1214916.0,329,216159,348989,2158100,2808198,3373345,565148,215830.0,5.968958573683354,0.167533412680885,2808197.0,8.046666227302293,96.55999472762751,0.3601517188428696
2013,4,1142245.0,472,213159,474690,2808198,3263065,3950914,687849,212687.0,5.7438682036319015,0.1740986581589328,3263066.0,6.874096778950473,82.48916134740567,0.2891090517282836
2013,5,934422.0,570,238140,472124,3263065,3487793,4198057,710263,237570.0,5.910566930841111,0.16918874612707735,3487793.0,7.387451178080335,88.64941413696403,0.22258440035473553
2013,6,267198.0,743,212758,344391,3487793,3198585,3755734,557149,212015.0,6.740986701941491,0.148346235383017,3198585.0,9.287655600756118,111.45186720907341,0.07114401605651519
2013,7,15679.0,429,296285,237502,3198585,2680906,3214693,533787,295856.0,6.022426548417252,0.1660460267901165,2680906.0,11.287930206903521,135.45516248284227,0.004877293103882703
2013,8,,919,275877,417287,2680906,1988662,2681825,693163,274958.0,3.868967328031069,,,4.765693635315742,57.188323623788904,
2013,9,,698,240052,288963,1988662,1460343,1989359,529016,239354.0,3.7604892857682946,,,5.053736983627662,60.64484380353194,
2013,10,,546,268308,307721,1460343,884860,1460889,576029,267762.0,2.5361379374996744,,,2.8755268571205734,34.50632228544688,
2013,11,131690.0,549,258926,201607,884860,556566,1017099,460534,258377.0,2.2085209778213986,0.45279073128574504,556566.0,2.760648191779055,33.12777830134866,0.12947608836504607
2013,12,691393.0,752,217107,344836,556566,686768,1248711,561943,216355.0,2.222131070233102,0.45001845903495685,686768.0,1.9915786054820261,23.898943265784315,0.5536853603435863
2014,1,934541.0,1378,125474,479854,686768,1017360,1622687,605327,124096.0,2.680678377141611,0.373040518596624,1017359.0,2.120144877400209,25.44173852880251,0.575921912235693
2014,2,1045014.0,461,247864,312702,1017360,1502268,2062835,560567,247403.0,3.679908021699458,0.27174543771072335,1502269.0,4.8041521960204925,57.64982635224591,0.5065911718581467
2014,3,1194477.0,544,294448,380443,1502268,2022398,2697289,674890,293904.0,3.9966350071863563,0.2502108598670739,2022398.0,5.315902776500027,63.79083331800033,0.4428435366028631
2014,4,1080052.0,463,315275,428565,2022398,2359073,3102913,743840,314812.0,4.171479081522908,0.2397231246896062,2359073.0,5.504586235460199,66.05503482552238,0.3480767910669748
2014,5,737115.0,580,323122,386879,2359073,2386767,3096768,710001,322542.0,4.361638927269117,0.22927161479322958,2386767.0,6.169285487193671,74.03142584632404,0.2380271948043896
2014,6,196811.0,1343,179044,305705,2386767,2100172,2584921,484749,177701.0,5.332493723555902,0.18752952217882093,2100172.0,6.869930161430137,82.43916193716164,0.07613811021690799
2014,7,10200.0,513,172150,328892,2100172,1609843,2110885,501042,171637.0,4.212990128572056,0.23736110683433725,1609843.0,4.894746603748343,58.73695924498011,0.004832096490334623
2014,8,,614,117184,298617,1609843,1194655,1610457,415801,116570.0,3.873143643233181,,,4.000626220208495,48.00751464250193,
2014,9,,957,42217,322251,1194655,831144,1195612,364468,41260.0,3.280430655091805,,,2.579182066153402,30.950184793840826,
2014,11,227800.0,945,11220,261485,461606,406360,690351,283991,10275.0,2.4308904155413376,0.3950236908471198,417646.0,1.5540470772702066,18.64856492724248,0.32997706963559115
2014,12,812879.0,1126,13514,453592,406360,686768,1220366,479689,12388.0,2.5440775168911522,0.3827592564519631,753259.0,1.5140655038007724,18.16878604560927,0.6660944339648925
2015,1,969617.0,183,74038,379695,740677,1246084,1710476,464393,73855.0,3.6832510395290194,0.26526694015762853,1256744.0,3.281802499374498,39.38162999249398,0.5668696900745758
2015,2,1033203.0,208,144753,443771,1246084,1676969,2279495,602526,144545.0,3.783230931113346,0.2581817463955832,1690971.0,3.7789062376766394,45.346874852119676,0.45325960355254125
2015,3,1001252.0,595,130987,443287,1676969,2089573,2678816,589243,130392.0,4.546199106310978,0.21437605270388113,2104542.0,4.713815203243046,56.56578243891654,0.37376661928254873
2015,4,996818.0,464,156783,445607,2089573,2471477,3086855,615378,156319.0,5.016193299077965,0.19514684039256783,2484465.0,5.546315475295496,66.55578570354595,0.32292349332897075
2015,5,719446.0,489,189852,399814,2471477,2590139,3191412,601273,189363.0,5.307758705280297,0.1847664920731012,2601746.0,6.478359937370877,77.74031924845052,0.22543187780205126
2015,6,206163.0,472,121315,425638,2590139,2236136,2796774,560638,120843.0,4.988555895247914,0.19556567674041592,2249821.0,5.253609875058148,63.04331850069777,0.07371457257540294
2015,7,14656.0,1375,204495,253614,2236136,1782987,2252167,469180,203120.0,4.800219531949359,0.2034080954032272,1794058.0,7.030317726939365,84.36381272327237,0.006507510322280719
2015,8,,418,212710,288754,1782987,1270945,1783405,512460,212292.0,3.4800862506341956,,,4.4014801526558935,52.81776183187073,
2015,9,,302,146050,286213,1270945,810709,1271247,460538,145748.0,2.760352023068672,,,2.832537306132146,33.990447673585756,
2015,10,455.0,364,30475,315662,810709,453126,811528,358402,30111.0,2.264295400137276,0.4265250243984188,465391.0,1.435478454802922,17.225741457635063,0.0005606707347127887
2015,11,181332.0,387,30620,284515,453126,307794,634845,327051,30233.0,1.9411192749754624,0.4963967582638282,319710.0,1.08181993919477,12.981839270337241,0.2856319259031732
2015,12,760229.0,657,63173,407170,307794,581213,1068680,487467,62516.0,2.192312505256766,0.44011584384474306,598337.0,1.4274455387184715,17.129346464621655,0.7113719729011491
2016,1,997931.0,283,143956,427748,581213,998633,1579427,580794,143673.0,2.7194271979393725,0.36196924580876483,1007723.0,2.3346292676996736,28.015551212396087,0.6318310374585213
2016,2,1079005.0,277,79790,323326,998633,1651048,2077915,426867,79513.0,4.867827684032732,0.19400023581330325,1674799.0,5.106449837006613,61.277398044079355,0.5192729250234008
2016,3,1164726.0,2653,113192,482170,1651048,2197496,2818427,620931,110539.0,4.539034127785535,0.21123910606873977,2223065.0,4.557512910384304,54.69015492461165,0.41325391787688665
2016,4,1084918.0,5618,141541,476181,2197496,2646203,3288032,641829,135923.0,5.122909684666788,0.18786982608441766,2670310.0,5.557136887024051,66.68564264428862,0.3299596840906658
2016,5,701105.0,402,71270,428952,2646203,2819475,3347709,528234,70868.0,6.337549267938073,0.149422142300259,2847488.0,6.572938230851005,78.87525877021206,0.20942829857672815
2016,6,144181.0,525,172551,333585,2819475,2426351,2964181,537831,172026.0,5.511361375599399,0.1707507065189339,2458045.0,7.273561461096872,87.28273753316246,0.048641091755193086
2016,7,3166.0,510,125473,308869,2426351,1958108,2430026,471918,124963.0,5.149254743408813,0.17873957779069943,1995685.0,6.339606758852458,76.07528110622951,0.0013028667182984873
2016,8,0.0,1198,99662,391468,1958108,1433355,1959307,525952,98464.0,3.72525819846678,0.25066528658616877,1468176.0,3.6614870180959875,43.93784421715185,0.0
2016,9,0.0,4229,143147,207838,1433355,1036963,1437584,400620,138918.0,3.5883979831261543,0.2441492114547741,1086599.0,4.9892849238349095,59.871419086018925,0.0
2016,10,0.0,5089,46405,343108,1036963,632772,1042052,409280,41316.0,2.5460613760750586,0.37379420604729896,652539.0,1.8442356342609325,22.13082761113119,0.0
2016,11,178503.0,3245,36734,358782,632772,399002,814520,415517,33489.0,1.9602567403981064,0.4855816922850268,419004.0,1.1121014989603715,13.345217987524459,0.2191511565093552
2016,12,733419.0,1223,76168,398164,399002,635186,1133644,498457,74945.0,2.274306509889519,0.4184135407588273,659312.0,1.5952873690238194,19.14344842828583,0.6469570694150898
2017,1,1074829.0,2443,133882,413083,635186,1145217,1712458,567240,131439.0,3.0189302587969817,0.319403453982521,1165493.0,2.7723653599881866,33.268384319858235,0.6276527657904603
2017,2,1042258.0,2217,118413,350372,1145217,1705951,2189692,483741,116196.0,4.526579305868223,0.21408718669109628,1720907.0,4.868970694005228,58.427648328062745,0.47598383699625335
2017,3,1205963.0,3258,77209,485565,1705951,2324546,2915172,590626,73951.0,4.935732595585024,0.19305001557369514,2352398.0,4.787301391162872,57.447616693954465,0.41368502441708416
2017,4,1043937.0,1989,205534,360778,2324546,2778433,3370473,592040,203545.0,5.69298189311533,0.16802157086603894,2804160.0,7.701226238850484,92.41471486620581,0.30973011799827505
2017,5,576435.0,2692,195454,451990,2778433,2677096,3357559,680464,192762.0,4.934219885254767,0.1928316992101407,2710116.0,5.922909798889356,71.07491758667227,0.17168276119645254
2017,6,98879.0,3361,54201,352973,2677096,2344706,2779336,434630,50840.0,6.394717345788372,0.14650045910246187,2372162.0,6.6427347134200065,79.71281656104007,0.0355764830160873
2017,7,2947.0,6789,66777,329853,2344706,1926980,2354442,427462,59988.0,5.507956262778913,0.16846029759917636,1957812.0,5.841935650122934,70.1032278014752,0.0012516766180691646
2017,8,0.0,10415,44566,438328,1926980,1404213,1937396,533183,34151.0,3.6336417327634227,0.24924912059750334,1454501.0,3.20356673541275,38.442800824953004,0.0
2017,9,0.0,5669,143122,232246,1404213,1002342,1409883,407540,137453.0,3.4594960003925994,0.26624072085465306,1034514.0,4.315863351790774,51.79036022148929,0.0
2017,10,0.0,30354,9481,340438,1002342,659934,1032696,372762,-20873.0,2.7703896856439227,0.33884027826194735,682777.0,1.9384851279821878,23.261821535786254,0.0
2017,11,162960.0,5197,19070,313007,659934,472671,828091,355419,13873.0,2.3299007650125625,0.40101510582774114,496014.0,1.5100972182730739,18.121166619276885,0.19678996632012666
2017,12,843563.0,3216,46596,365641,472671,880301,1319450,439149,43380.0,3.0045610942982908,0.31243093713289627,907213.0,2.407555498426052,28.890665981112623,0.639329265982038
2018,1,1057304.0,44461,88040,404503,880301,1477527,1982066,504540,43579.0,3.9284615689538986,0.248499797685849,1489523.0,3.65269726058892,43.83236712706704,0.533435314464806
2018,2,1020478.0,10100,153176,352051,1477527,1986912,2508105,521193,143076.0,4.812238460608642,0.2014377388506462,2002878.0,5.643818651274957,67.72582381529949,0.4068721205850632
2018,3,1193629.0,17039,254534,327903,1986912,2587808,3197580,609773,237495.0,5.24388583948453,0.18214931291789416,2615143.0,7.891992448986438,94.70390938783726,0.37329136409409613
2018,4,1001424.0,6935,145791,453467,2587808,2980950,3596167,615217,138856.0,5.845363505884915,0.16663797871455915,2996909.0,6.573686729133542,78.88424074960251,0.2784698263456619
2018,5,628555.0,5625,53858,371063,2980950,3157483,3615129,457646,48233.0,7.899400409923827,0.11753961821566583,3190209.0,8.509290875134411,102.11149050161293,0.17386793113053503
2018,6,99097.0,2523,55283,403835,3157483,2758250,3259103,500853,52760.0,6.507104879076296,0.1408725038760665,2799985.0,6.830141022942539,81.96169227531047,0.030406219134528734
2018,7,2510.0,1646,128986,358334,2758250,2241284,2762406,521122,127340.0,5.300881559404516,0.1764114326424139,2275086.0,6.254734409796447,75.05681291755737,0.0009086282030954175
2018,8,0.0,2952,85560,362293,2241284,1753192,2244236,491044,82608.0,4.570335855849985,0.19955699846183736,1796383.0,4.839155048538061,58.06986058245674,0.0
2018,9,0.0,2295,87500,175713,1753192,1394533,1755487,360954,85205.0,4.863464596596796,0.14993731084308798,1492274.0,7.936424738067189,95.23709685680628,0.0
2018,10,0.0,1409,50550,309609,1394533,1022230,1395942,373712,49141.0,3.7353416534657704,0.25800427238380963,1035783.0,3.3016805067036166,39.6201660804434,0.0
2018,11,117602.0,668,116230,401214,1022230,604936,1140500,535563,115562.0,2.129534713936549,0.4536992547128452,623056.0,1.5077639364528657,18.093167237434386,0.10311442349846558
2018,12,796048.0,1274,150117,348846,604936,880225,1402258,522034,148843.0,2.6861430481539514,0.35582824273421865,903295.0,2.52324808081503,30.278976969780363,0.5676901112348798
2019,1,1091304.0,592,37173,450563,880225,1465489,1972120,506631,36581.0,3.892616124950901,0.2473154537677962,1484385.0,3.2525728921371706,39.03087470564605,0.553365920937874
2019,2,1116212.0,1077,238568,265477,1465489,2049199,2582778,533579,237491.0,4.840479104312576,0.1951561458243798,2078733.0,7.718932336887941,92.6271880426553,0.43217496819316253
2019,3,1211563.0,6513,206880,359405,2049199,2668364,3267274,598910,200367.0,5.455367250505084,0.17332027454071053,2700990.0,7.424393094141706,89.09271712970047,0.3708176908333981
2019,4,1144102.0,1198,290236,329395,2668364,3165974,3813664,647690,289038.0,5.88810078895768,0.16247655797679084,3194033.0,9.611481655762837,115.33777986915406,0.3000007342020692
2019,5,830178.0,1492,266321,441896,3165974,3243932,3997645,753712,264829.0,5.303942354639438,0.17715859641328743,3289427.0,7.340939949671416,88.09127939605699,0.20766676380719148
2019,6,118911.0,940,180393,286383,3243932,2866789,3363783,496995,179453.0,6.768243141279087,0.13876519383087435,2897007.0,10.010332317211565,120.12398780653879,0.0353503778335285
2019,7,0.0,2065,238207,322702,2866789,2263007,2868853,605847,236142.0,4.735276398166534,0.19551674640814765,2307945.0,7.012683528456595,84.15220234147914,0.0
2019,8,0.0,2515,181869,326611,2263007,1721441,2265521,544080,179354.0,4.163948316424055,0.22444275535616073,1757042.0,5.270615502845893,63.24738603415072,0.0
2019,9,0.0,1929,228157,249817,1721441,1168741,1723370,554629,226228.0,3.107248268662475,0.27734845100007544,1245396.0,4.678388580440883,56.140662965290595,0.0
2019,10,0.0,2913,24103,399078,1168741,720087,1171654,451567,21190.0,2.594640440953391,0.36118256754980566,748473.0,1.8043765880354217,21.65251905642506,0.0
2019,11,73215.0,5351,48687,318304,720087,413143,798653,385510,43336.0,2.0716790744727764,0.45951245409458175,431662.0,1.2979510153815221,15.575412184578266,0.09167310458985317
2019,12,591251.0,3931,13648,328081,413143,643320,1008325,365005,9717.0,2.7624964041588473,0.33890759427763867,666596.0,1.9608572273310554,23.530286727972666,0.5863694741278853
2020,1,915107.0,2147,110141,421063,643320,1004626,1560574,555948,107994.0,2.8070502996683144,0.340390138500321,1029370.0,2.3859279965230855,28.631135958277024,0.5863912893589154
2020,2,965703.0,947,99410,368058,1004626,1476384,1971275,494891,98463.0,3.983250857259477,0.23713980183393904,1503808.0,4.011280830738634,48.1353699688636,0.48988750935308367
2020,3,1142394.0,639,170594,460760,1476384,1957057,2619418,662360,169955.0,3.9546741953016484,0.24102844258856074,1988063.0,4.247454206094279,50.96945047313135,0.4361251239779218
2020,4,947809.0,1011,244363,371102,1957057,2261280,2905878,644598,243352.0,4.508046875727198,0.2118000865143294,2290412.0,6.093419059988898,73.12102871986677,0.3261695776629301
2020,5,510659.0,1739,135345,299439,2261280,2313583,2773678,460095,133606.0,6.028489768417392,0.15675359576706452,2338894.0,7.726391685785753,92.71670022942904,0.18410897011116648
2020,6,122943.0,4437,86258,349073,2313583,1977220,2440963,463742,81821.0,5.263622876513233,0.17834395687275884,2005632.0,5.664202043698596,67.97042452438315,0.05036659711761301
2020,7,9240.0,2789,107666,265856,1977220,1586682,1989249,402567,104877.0,4.9414109949399725,0.187770359567857,1615727.0,5.968200830524795,71.61840996629753,0.004644969031026282
2020,8,0.0,10789,111694,248201,1586682,1208814,1597471,388658,100905.0,4.110222869463642,0.22529047475666225,1237576.0,4.870302698216365,58.44363237859638,0.0
2020,9,0.0,17853,61315,272098,1208814,857523,1226667,369144,43462.0,3.323004030947273,0.2718040022271733,893254.0,3.151522613176135,37.81827135811362,0.0
2020,10,1712.0,8394,6261,326370,857523,509035,867630,358595,-2133.0,2.4195262064445964,0.3833793015217334,534998.0,1.5596868584735117,18.71624230168214,0.0019731913373212083
2020,11,171359.0,3205,11151,313606,509035,336010,683598,347588,7946.0,1.96669044961276,0.4750694486094918,358842.0,1.0714399596946487,12.857279516335785,0.250672178678112
2020,12,845793.0,1884,45938,346505,336010,765652,1183687,418035,44054.0,2.831549989833387,0.3315428825356703,791244.0,2.2096419965079868,26.51570395809584,0.7145410906768428
2021,1,1054896.0,1235,109690,334500,765652,1340554,1821782,481229,108455.0,3.7856862325420955,0.24382157479787658,1377593.0,4.007635276532137,48.09162331838565,0.5790462305588704
2021,2,1062132.0,549,102455,365693,1340554,1897716,2403234,505519,101906.0,4.7539934206231615,0.19479909372158777,1935087.0,5.189369225005674,62.272430700068085,0.4419594596281511
2021,3,1188484.0,1758,190268,356580,1897716,2498772,3087957,589185,188510.0,5.241065200234222,0.17709049151575249,2541110.0,7.007605586404173,84.09126703685007,0.38487712102208677
2021,4,961128.0,1464,269117,255693,2498772,2900418,3461364,560947,267653.0,6.1705722644028755,0.15161941939651535,2936554.0,11.343360983679647,136.12033180415577,0.27767319472901436
2021,5,383637.0,3938,156228,304800,2900418,2789986,3287993,498006,152290.0,6.602316036352976,0.14021562697974113,2826965.0,9.153497375328085,109.84196850393701,0.11667816811045523
2021,6,36633.0,5309,97188,364783,2789986,2324557,2831928,507371,91879.0,5.58157245881219,0.163129500467526,2369957.0,6.372437860316955,76.46925432380347,0.012935710229921099
2021,7,9675.0,2232,54798,338696,2324557,1900330,2336464,436134,52566.0,5.3572159015348495,0.16841432181279062,1942970.0,5.61072466164348,67.32869593972175,0.004140872703367139
2021,8,0.0,1530,43975,358028,1900330,1465404,1901860,436457,42445.0,4.35749684390444,0.2113736026836886,1499857.0,4.092987140670562,49.11584568804674,0.0
2021,9,0.0,375,77793,270175,1465404,1053114,1465779,412665,77418.0,3.551982843226346,0.23739458676921965,1117811.0,3.897895808272416,46.774749699268995,0.0
2021,10,0.0,468,33078,368608,1053114,621324,1053582,432258,32610.0,2.4373915578196357,0.38125746263698507,651896.0,1.6855955378071013,20.227146453685215,0.0
2021,11,169191.0,599,76224,299356,621324,382024,791114,409090,75625.0,1.9338385196411547,0.4747482663686902,415534.0,1.2761528080278999,15.3138336963348,0.2138642471249403
2021,12,857800.0,464,67658,405449,382024,726042,1240289,514246,67194.0,2.411859304690751,0.38144930854769216,767181.0,1.7907110388729532,21.48853246647544,0.6916130030984714
2022,1,1052210.0,571,155130,358462,726042,1230323,1778824,548501,154559.0,3.2430642788253805,0.2887257473059433,1265231.0,3.4322271258878208,41.18672551065385,0.5915200154708954
2022,2,1063134.0,451,238545,275047,1230323,1742413,2293908,551494,238094.0,4.1594432577688965,0.22389389635504126,1780316.0,6.334964569691725,76.0195748363007,0.46345973770526105
2022,3,1249594.0,614,225375,396045,1742413,2324460,2992621,668161,224761.0,4.478892063439799,0.20765075163209776,2371201.0,5.869181532401621,70.43017838881946,0.4175583877811457
2022,4,1086368.0,712,193735,384317,2324460,2790299,3411539,621240,193023.0,5.491499259545425,0.16944019416451223,2833488.0,7.260410026098247,87.12492031317896,0.31843927330158034
2022,5,596828.0,547,177402,246142,2790299,2925445,3387675,462230,176855.0,7.328981243104082,0.12502501716516998,2964130.0,11.88519228737883,142.62230744854597,0.17617628609592123
2022,6,100219.0,686,151588,395250,2925445,2435067,3026349,591282,150902.0,5.118283661603093,0.18069225304409603,2479512.0,6.160827324478178,73.92992789373814,0.033115480071862165
2022,7,9707.0,522,93768,333546,2435067,1979887,2445296,465409,93246.0,5.25407974491254,0.17474939639209322,2017982.0,5.935873912443861,71.23048694932633,0.00396966256845797
2022,8,0.0,805,172685,324803,1979887,1430810,1980692,549882,171880.0,3.6020309811923283,0.25116878343528426,1483204.0,4.405162513893036,52.86195016671644,0.0
2022,9,0.0,425,74597,326048,1430810,964273,1431235,466963,74172.0,3.0649858768253586,0.27992957131428453,1030590.0,2.9574571842182746,35.48948621061929,0.0
2022,10,0.0,623,4241,339153,964273,587925,964895,376970,3618.0,2.559606865267793,0.35588705933074655,621502.0,1.7335096549344986,20.802115859213984,0.0
2022,11,128564.0,662,28631,315689,587925,339244,717151,377908,27969.0,1.8976867385712926,0.48012203845494184,372831.0,1.0746145732033743,12.89537487844049,0.17927047441891597
2022,12,728642.0,351,65797,316331,339244,653681,1068236,414555,65446.0,2.576825752915777,0.3577183714849795,686109.0,2.066446222469502,24.79735466963402,0.6820983378204816
2023,1,1060226.0,319,161375,397356,653681,1125942,1714226,588285,161056.0,2.9139379722413454,0.3259377701656608,1155495.0,2.83358499682904,34.00301996194848,0.6184867106204199
2023,2,1021936.0,321,180000,338690,1125942,1602864,2148198,545334,179679.0,3.939233570619107,0.2414534221457137,1629509.0,4.732540080899938,56.79048097079925,0.47571778765272105
2023,3,1122223.0,2109,139402,380836,1602864,2166835,2727196,560361,137293.0,4.866855473525103,0.19075930002830746,2206958.0,5.689680072262076,68.27616086714491,0.41149334334605947
2023,4,821798.0,7086,100012,364030,2166835,2507803,2995720,487917,92926.0,6.139814763576592,0.1549017114088471,2531677.0,6.889000906518693,82.66801087822432,0.27432403562415714
2023,5,322316.0,29345,85981,458151,2507803,2281151,2859464,578313,56636.0,4.944491996548582,0.19029160709839327,2315332.0,4.979037478909792,59.7484497469175,0.11271902706241449
2023,6,18543.0,55769,132211,344001,2281151,1850080,2355463,505383,76442.0,4.6607483829095955,0.2021734155875087,1879251.0,5.378123900802614,64.53748680963136,0.0078723376253416
2023,7,0.0,73022,52040,361378,1850080,1481283,1923102,441819,-20982.0,4.352691939459372,0.21497455673178023,1509684.0,4.098984996319643,49.18781995583572,0.0
2023,8,0.0,53767,68627,308300,1481283,1120944,1535050,414105,14860.0,3.706910083191461,0.24554705058467152,1158123.0,3.6358871229322087,43.630645475186505,0.0
2023,9,0.0,43138,21681,269283,1120944,835091,1164083,328992,-21457.0,3.5383322390818015,0.24995146390030942,873118.0,3.1011649454291583,37.213979345149895,0.0
2023,10,0.0,41376,19,316298,835091,537466,876467,339001,-41357.0,2.5854407509122392,0.3609000681143728,560150.0,1.6992393249404043,20.39087189928485,0.0
2023,11,83231.0,92814,18534,340318,537466,332863,713511,380648,-74280.0,1.874464071793363,0.5029382868659348,354659.0,0.9780940179479193,11.737128215375032,0.11664991850160684
2023,12,539192.0,68947,41660,336563,332863,546352,941001,394649,-27287.0,2.384399808437371,0.40193644646876414,562779.0,1.6233275790862334,19.479930949034802,0.5729983283758465
2024,1,850325.0,94245,60339,417459,546352,991121,1490922,499802,-33906.0,2.983025278010092,0.3204714934785321,1013124.0,2.3741756675505856,28.49010801060703,0.5703350007579203
2024,2,930506.0,74241,109072,383055,991121,1485870,1995868,509998,34831.0,3.9134820136549555,0.24657291965200104,1503741.0,3.878999099346047,46.54798919215256,0.46621620267472597
2024,3,982983.0,63363,105203,318449,1485870,2075043,2532215,457173,41840.0,5.538855094242224,0.1673048428728039,2108564.0,6.516092058696997,78.19310470436396,0.388190971145815
2024,4,877671.0,60146,12756,390375,2075043,2587309,3012859,425550,-47390.0,7.079917753495477,0.13380342929973513,2609729.0,6.6277528017931475,79.53303362151777,0.29130835528645715
2024,5,390430.0,67888,58887,333847,2587309,2636919,3045627,408708,-9001.0,7.451840923104025,0.12895013079408607,2652893.0,7.898585280083392,94.7830233610007,0.12819363631856429
2024,6,47267.0,42522,17888,323629,2636919,2361551,2726707,365157,-24634.0,7.46721821024929,0.12524883485873808,2385191.0,7.297093276560506,87.56511931872608,0.01733482915472766
2024,7,1943.0,45163,9193,343004,2361551,2038473,2408657,370184,-35970.0,6.5066480452963935,0.14622131752258624,2056460.0,5.943000664715281,71.31600797658336,0.0008066735944553334
2024,8,0.0,39950,6077,330209,2038473,1723189,2078423,355234,-33873.0,5.850856055445143,0.1617986329058137,1742137.0,5.2184798112710435,62.62175773525252,0.0
2024,9,0.0,30871,11648,294024,1723189,1417934,1754059,336125,-19223.0,5.218472294533283,0.17426541851476005,1448388.0,4.82251108753027,57.870133050363236,0.0
2025,1,862943.0,12021,114697,299568,879369,1322859,1754333,431474,102676.0,4.065906636321076,0.23613817901162437,1340068.0,4.415888879987182,52.990666559846176,0.4918923602303554
2025,2,911717.0,13695,150156,259349,1322859,1817133,2248272,431138,136461.0,5.214738668361407,0.18214218837497792,1838766.0,7.006516315852385,84.0781957902286,0.4055189941430574
2025,3,1085142.0,12963,59212,326923,1817133,2506343,2915238,408894,46249.0,7.129569032561006,0.13245402262182368,2529103.0,7.666462745050057,91.9975529406007,0.3722310151006539
2025,4,877274.0,9134,66616,414140,2506343,2882041,3392751,510710,57482.0,6.643204558359931,0.14170093826514235,2911995.0,6.959098372531028,83.50918047037234,0.25857305767502536
2025,5,399118.0,7223,184356,269356,2882041,2806671,3288382,481711,177133.0,6.826462339452493,0.1379742377862426,2834670.0,10.419931243410208,125.0391749209225,0.12137215201883479
2025,6,38434.0,11051,51358,392877,2806671,2392966,2856156,463189,40307.0,6.166286332361088,0.1555359721247719,2411921.0,6.0908783156051385,73.09053978726166,0.013456547891641774
2025,7,3110.0,10183,78792,330224,2392966,1971453,2406259,434806,68609.0,5.534097965529455,0.16998003955517674,1997243.0,5.970047604050584,71.640571248607,0.0012924626983213362
2025,8,0.0,5963,93074,275867,1971453,1555664,1977416,421752,87111.0,4.68857527646579,0.1865773312241835,1608475.0,5.639181199636057,67.67017439563267,0.0
2025,9,0.0,6084,74590,317539,1555664,1123129,1561747,438618,68506.0,3.560608547756818,0.25108340141943514,1169619.0,3.536979709578981,42.44375651494777,0.0
2025,10,0.0,3939,43512,307347,1123129,762129,1127068,364938,39573.0,3.088382136143674,0.3113024236337115,776209.0,2.479702095676873,29.75642514812248,0.0
2025,11,61926.0,787,16836,324719,762130,480512,824843,344331,16049.0,2.395494451559691,0.4140848622101418,483288.0,1.4797779002768547,17.757334803322255,0.07507610539217767
2025,12,447574.0,4546,24756,348010,480512,547247,932631,385384,20210.0,2.420004463080979,0.3996924832088112,559866.0,1.5725036636878251,18.870043964253902,0.479904699715107
