year,month,avg_price,min_price,max_price,price_std,n_days,produccion,importaciones,exportaciones_totales,consumo_nacional_aparente,inventario_inicial,inventario_final,oferta_total,demanda_total,net_exports,supply_demand_ratio,demand_pressure,excess_supply,inventory_to_consumption,inventory_months,production_share,prev_price,price_change_1m,month_sin,month_cos,usd_mxn,ice_no11,ice_no16,wti,brl_usd,mx_sugar_usd,premium_vs_world
2008,11,286.0468421052632,285.04,286.71,0.4597227743322762,19,63468.0,652,120752,378591,1367800,932577,1431920,499343,120100.0,2.8676080369605663,0.3487226940052517,932577.0,2.4632835962820034,29.559403155384043,0.044323705234929324,287.51260869565215,-0.005098094991515922,-0.5000000000000004,0.8660254037844384,,,,,,,
2008,12,289.35318181818184,286.84,291.03,1.1652728532454708,22,540159.0,712,80482,378529,932577,1014438,1473448,459010,79770.0,3.2100564257859308,0.3115216824753911,1014437.0,2.679947903595233,32.1593748431428,0.36659522426308905,286.0468421052632,0.011558735235755346,-2.4492935982947064e-16,1.0,,,,,,,
2009,1,290.6928571428572,289.55,291.58,0.595568156109293,21,928551.0,865,69815,441046,1014438,1432992,1943854,510861,68950.0,3.80505460389421,0.2628083179086495,1432993.0,3.249076060093505,38.988912721122055,0.47768556692014935,289.35318181818184,0.004629896641389353,0.49999999999999994,0.8660254037844387,,,,,,,
2009,2,290.1252631578947,288.73,291.76,1.0250277417441096,19,1029810.0,756,109910,477412,1432992,1876236,2463558,587322,109154.0,4.194561075525861,0.23840396694536925,1876236.0,3.930014327247744,47.16017192697293,0.4180173553859905,290.6928571428572,-0.001952555664907596,0.8660254037844386,0.5000000000000001,,,,,,,
2009,3,297.17857142857144,291.69,315.5,8.167457551597254,21,1164418.0,825,163008,427392,1876236,2451079,3041479,590400,162183.0,5.151556571815719,0.19411608628565247,2451079.0,5.734966962413896,68.81960354896675,0.3828459772367325,290.1252631578947,0.024311251608716722,1.0,6.123233995736766e-17,,,,,,,
2009,4,328.094,319.74,336.52,5.291520923535184,20,883925.0,775,148669,525153,2451079,2661957,3335778,673822,147894.0,4.950532930061648,0.20199839377848472,2661957.0,5.06891705845725,60.82700470148699,0.2649831613494663,297.17857142857144,0.10402980411008289,0.8660254037844387,-0.4999999999999998,,,,,,,
2009,5,342.3078947368421,336.22,354.27,5.775702534417889,19,326013.0,866,169814,362905,2661957,2456116,2988835,532719,168948.0,5.610528252230538,0.17823627659731078,2456117.0,6.767931001226216,81.2151720147146,0.10907694804162826,328.094,0.04332262929782971,0.49999999999999994,-0.8660254037844387,,,,,,,
2009,6,372.6318181818182,356.38,389.11,9.66146278797696,22,26152.0,1037,102387,425296,2456116,1955621,2483304,527683,101350.0,4.706052686935148,0.21249222306563229,1955622.0,4.598258624581468,55.17910349497761,0.010531131105978165,342.3078947368421,0.08858669026108301,1.2246467991473532e-16,-1.0,,,,,,,
2009,7,416.79739130434785,391.46,436.29,13.525012928036622,23,0.0,797,100145,358337,1955621,1497936,1956418,458482,99348.0,4.267164250723038,0.23434767007868462,1497936.0,4.18024373704083,50.162924844489964,0.0,372.6318181818182,0.11852335460247776,-0.4999999999999997,-0.8660254037844388,,,,,,,
2009,8,470.7061904761905,440.35,530.77,26.400256149550973,21,0.0,722,57068,379402,1497936,1062188,1498658,436470,56346.0,3.4335876463445367,0.29124056322389763,1062188.0,2.799637323999346,33.59564788799216,0.0,416.79739130434785,0.12934053882424168,-0.8660254037844385,-0.5000000000000004,,,,,,,
2009,9,659.7738095238095,537.81,706.26,56.31612988089569,21,0.0,26276,63844,436725,1062188,587895,1088464,500569,37568.0,2.174453471948922,0.4598856737567802,587895.0,1.3461445990039498,16.1537351880474,0.0,470.7061904761905,0.4016680104766597,-1.0,-1.8369701987210297e-16,,,,,,,
2009,10,649.31,643.7,672.13,7.604360278030951,22,0.0,134833,45392,383269,587895,294067,722728,428661,-89441.0,1.6860129566253985,0.593115252211067,294067.0,0.7672600706031534,9.20712084723784,0.0,659.7738095238095,-0.015859692174446605,-0.8660254037844386,0.5000000000000001,,,,,,,
2009,11,639.0947368421052,630.83,646.0,4.80983179241696,19,102707.0,122207,24392,330822,294067,163767,518982,355214,-97815.0,1.4610403869216866,0.6844450952925059,163767.0,0.4950305602408546,5.940366722890255,0.19790089058965435,649.31,-0.015732490117039144,-0.5000000000000004,0.8660254037844384,,,,,,,
2009,12,613.79,601.21,630.9,9.524719218458722,22,525703.0,121165,28407,423668,163767,358535,810610,452075,-92758.0,1.7930874301830448,0.55768009029958,358560.0,0.8462640558172909,10.155168669807491,0.6485276520151491,639.0947368421052,-0.03959465691603259,-2.4492935982947064e-16,1.0,,,,,,,
2010,1,588.389,578.17,600.61,7.898764660242409,20,855916.0,12938,36310,365321,358535,825819,1227450,401631,23372.0,3.0561634933558417,0.3272238874554033,825758.0,2.2605297806586537,27.126357367903843,0.6973123141472157,613.79,-0.041383860929633864,0.49999999999999994,0.8660254037844387,12.801855,,,78.32578947368421,1.7816526315789474,45.96122983739466,
2010,2,636.8594736842106,608.61,650.36,14.060124258058524,19,730154.0,2573,48896,340168,825819,1170312,1559376,389064,46323.0,4.008019246190858,0.2496326704505353,1169482.0,3.4403941581806636,41.28472989816797,0.46823472978935166,588.389,0.08237827981864143,0.8660254037844386,0.5000000000000001,12.942415789473685,,,76.38736842105263,1.8420052631578947,49.207156070675815,
2010,3,627.6072727272727,598.54,648.15,15.172775802111062,22,1130472.0,37598,41423,366780,1170312,1930179,2338382,408203,3825.0,5.728478232644052,0.17456643097663255,1930179.0,5.262497955177491,63.14997546212989,0.48344196970383796,636.8594736842106,-0.014527853222335185,1.0,6.123233995736766e-17,12.573659090909091,,,81.20347826086957,1.7855391304347825,49.91444957983953,
2010,4,591.5699999999999,583.02,598.93,4.805262466132443,20,939761.0,88115,42673,445680,1930179,2469701,2958055,488353,-45442.0,6.057206569837802,0.1650926030787122,2469702.0,5.541422096571531,66.49706515885838,0.31769558037291395,627.6072727272727,-0.05742010058403646,0.8660254037844387,-0.4999999999999998,12.23015,,,84.29285714285714,1.7567818181818182,48.36980740219866,
2010,5,565.481,551.73,584.45,10.24526329578701,20,465987.0,82915,32330,402884,2469701,2582835,3018049,435214,-50585.0,6.934632157972859,0.1441772899583019,2583389.0,6.410865162180677,76.93038194616814,0.15440007766606836,591.5699999999999,-0.04410128978819061,0.49999999999999994,-0.8660254037844387,12.742823809523811,,,73.7435,1.814155,44.37642774102921,
2010,6,531.8368181818182,521.24,550.48,10.439846918401436,22,74061.0,6033,44698,386376,2582835,2231855,2662930,431074,38665.0,6.177431253102715,0.16187964455680193,2231855.0,5.7763810381597205,69.31657245791664,0.027811846349697515,565.481,-0.05949657339182357,1.2246467991473532e-16,-1.0,12.719331818181816,,,75.3359090909091,1.8042,41.813267063414216,
2010,7,526.625,522.48,528.98,2.0338650748899725,22,778.0,351,79034,402230,2231855,1751720,2232984,481264,78683.0,4.639831776322351,0.21552505526237536,1751720.0,4.355020759267086,52.260249111205034,0.0003484127069428173,531.8368181818182,-0.009799656593230566,-0.4999999999999997,-0.8660254037844388,12.818872727272726,,,76.31952380952382,1.7689000000000001,41.082005508922926,
2010,8,525.8645454545455,521.4,540.18,5.694733345714096,22,0.0,942,214643,242413,1751720,1295607,1752662,457055,213701.0,3.8346851035433374,0.26077817628270594,1295606.0,5.344626732064699,64.1355207847764,0.0,526.625,-0.0014440152773881332,-0.8660254037844385,-0.5000000000000004,12.769463636363637,,,76.59909090909092,1.7588954545454547,41.181412190018655,
2010,9,571.21,543.49,579.45,11.877569897359786,19,0.0,495,113275,263953,1295607,918099,1295327,377228,112780.0,3.433803959409164,0.29104808109238317,918874.0,3.478266964194383,41.7392035703326,0.0,525.8645454545455,0.08623029435509677,-1.0,-1.8369701987210297e-16,12.799745,,,75.24190476190476,1.717990476190476,44.626670296947324,
2010,10,575.3357142857143,572.82,578.53,1.533836925584138,21,6010.0,1051,83193,280096,918099,561871,925159,363289,82142.0,2.546619908667755,0.39267694236672573,561871.0,2.005994373357706,24.07193248029247,0.006496180656514178,571.21,0.007222762706735164,-0.8660254037844386,0.5000000000000001,12.437380952380952,,,81.89285714285714,1.68373,46.258590654134046,
2010,11,569.226,560.78,572.89,3.4844004241460365,20,210313.0,12031,77510,288680,561871,418024,784214,366190,65479.0,2.141549468854966,0.4669510274605816,418025.0,1.4480532077040322,17.376638492448386,0.2681831744906365,575.3357142857143,-0.010619389921412314,-0.5000000000000004,0.8660254037844384,12.33906,,,84.25285714285714,1.7131049999999999,46.13203923151358,
2010,12,545.6539130434783,537.94,560.35,7.49645172982194,23,694272.0,41886,77385,362981,418024,713815,1154182,440367,35499.0,2.6209547945236586,0.38153947990871456,713816.0,1.966535438494026,23.59842526192831,0.6015273154493832,569.226,-0.041410769986827245,-2.4492935982947064e-16,1.0,12.388491304347825,,,89.14590909090909,1.695485714285714,44.04522710945257,
2011,1,533.472380952381,526.08,539.39,4.434920410516817,21,978433.0,354,104610,425843,713815,1162149,1692602,530453,104256.0,3.190861395825832,0.31339499776084395,1162149.0,2.729055074287942,32.7486608914553,0.5780644238870095,545.6539130434783,-0.02232464901269149,0.49999999999999994,0.8660254037844387,12.125847619047619,,,89.1705,1.6745249999999998,43.994646618714526,
2011,2,527.418947368421,524.29,530.71,1.9874995310602825,19,1023435.0,2929,223550,302968,1162149,1661996,2188513,526518,220621.0,4.156577742831204,0.24058253252322467,1661995.0,5.4857146629347,65.8285759552164,0.46763944285457754,533.472380952381,-0.011347229585068841,0.8660254037844386,0.5000000000000001,12.070321052631579,,,88.57842105263158,1.6663947368421053,43.69551937091456,
2011,3,534.7190909090909,531.78,537.13,1.5084457756275476,22,1140686.0,9424,164188,410196,1661996,2237721,2812106,574384,154764.0,4.895864090921752,0.20425403594316857,2237722.0,5.455248222800807,65.46297867360968,0.40563406927050405,527.418947368421,0.0138412614432879,1.0,6.123233995736766e-17,11.999172727272729,25.9,36.10913043478261,102.85652173913043,1.6573521739130437,44.562996388387376,20.64552474552475
2011,4,540.0468421052632,534.44,545.57,3.598300606044754,19,804296.0,5739,204404,369137,2237721,2474215,3047756,573541,198665.0,5.3139287339527606,0.18818468407575933,2474215.0,6.702701165150066,80.43241398180079,0.2638977660941361,534.7190909090909,0.009963644999310572,0.8660254037844387,-0.4999999999999998,11.718399999999999,23.903,35.7595,109.5325,1.5833,46.08537360947427,22.593266205299052
2011,5,558.1242857142857,547.11,563.37,5.000092570571631,21,280345.0,375,164164,224321,2474215,2366451,2754935,388485,163789.0,7.091483583664749,0.14101421630637384,2366450.0,10.54939573200904,126.59274878410848,0.10176102158490127,540.0468421052632,0.03347384374761142,0.49999999999999994,-0.8660254037844387,11.653295454545455,21.84095238095238,34.19809523809524,100.90047619047618,1.613609523809524,47.89411612288481,25.554026948066106
2011,6,560.4436363636364,558.0,563.54,1.8060072916968382,22,45711.0,389,142343,333045,2366451,1937162,2412550,475388,141954.0,5.074907233670181,0.1970478551541501,1937163.0,5.816517287453648,69.79820744944377,0.018947172079335144,558.1242857142857,0.004155616784140337,1.2246467991473532e-16,-1.0,11.806018181818182,24.92454545454545,35.12454545454545,96.26409090909091,1.5854090909090908,47.47101247283743,22.48561111719007
2011,7,571.3509523809524,558.44,602.5,15.355071443911216,21,0.0,408,81774,333720,1937162,1522077,1937570,415493,81366.0,4.663303593562347,0.21444076859158637,1522076.0,4.56094030924128,54.73128371089536,0.0,560.4436363636364,0.019461932136631388,-0.4999999999999997,-0.8660254037844388,11.672557142857142,29.471,37.8855,97.3035,1.56251,48.948224916644136,19.386887190151416
2011,8,640.5869565217391,607.13,649.18,11.732622133793734,23,0.0,751,92581,310561,1522077,1119685,1522828,403142,91830.0,3.7773985345114127,0.26473245829469905,1119686.0,3.605362553572406,43.26435064286888,0.0,571.3509523809524,0.12117946745737296,-0.8660254037844385,-0.5000000000000004,12.231913043478261,28.87434782608696,39.60869565217391,86.33304347826088,1.5966391304347824,52.37013656365743,22.18533074340094
2011,9,655.7819047619048,645.11,698.67,17.157618022047163,21,0.0,32112,83456,308436,1119685,759906,1151798,391892,51344.0,2.939069947842773,0.34024398396592453,759905.0,2.463739641287009,29.564875695444112,0.0,640.5869565217391,0.02372035222613844,-1.0,-1.8369701987210297e-16,13.04451904761905,26.63857142857143,39.28428571428571,85.51523809523809,1.749204761904762,50.272601264022946,24.617757995030477
2011,10,738.0538095238096,705.13,747.06,11.040428196492474,21,0.0,18693,75702,271597,759906,431301,778599,347299,57009.0,2.24186939783875,0.4460563139690649,431300.0,1.5880182770796438,19.056219324955727,0.0,655.7819047619048,0.12545619841672107,-0.8660254037844386,0.5000000000000001,13.435004761904763,26.29857142857143,38.19714285714286,86.32238095238095,1.77027,54.935135684996304,28.064406902420917
2011,11,725.552,710.81,739.22,8.96437839451247,20,116495.0,40867,53789,297612,431301,237260,588662,351401,12922.0,1.6751858987310793,0.5969476593568817,237262.0,0.7972124779914789,9.566549735897746,0.1978979448308197,738.0538095238096,-0.016938886247163665,-0.5000000000000004,0.8660254037844384,13.69929,24.51761904761905,38.10571428571429,97.16047619047619,1.7864200000000001,52.96274478458373,29.593085633266647
2011,12,682.1786363636364,660.58,708.69,15.769464856534318,22,635149.0,39238,50087,360387,237260,501174,911648,410474,10849.0,2.220964056188699,0.4502554168444584,501173.0,1.3906550458257374,16.687860549908848,0.6967042103969954,725.552,-0.05977981404001864,-2.4492935982947064e-16,1.0,13.768880952380952,23.4152380952381,36.55761904761905,98.56285714285715,1.839104761904762,49.54495857164574,29.133961123477512
2012,1,632.5259090909091,616.46,659.48,13.507324171613643,22,940295.0,124049,62285,462403,501174,1040831,1565519,524688,-61764.0,2.9837141310645565,0.33515296534437805,1040830.0,2.250917489722169,27.011009876666023,0.6006282900431104,682.1786363636364,-0.07278552072137878,0.49999999999999994,0.8660254037844387,13.417777272727273,24.0205,35.356,100.2735,1.785035,47.1408860226477,26.332753651710377
2012,2,603.1295,590.51,613.66,6.671021759505075,20,866462.0,1749,103484,323517,1040831,1482042,1909042,427001,101735.0,4.470813885681767,0.2236729207633986,1482041.0,4.5810328359869805,54.97239403184377,0.4538726754047318,632.5259090909091,-0.0464746323722276,0.8660254037844386,0.5000000000000001,12.78306,23.416,33.986,102.204,1.7167999999999999,47.18193452897819,25.757153228561666
2012,3,576.1204761904761,565.72,589.89,7.910098277638796,21,1109993.0,2032,102172,365198,1482042,2126697,2594066,467370,100140.0,5.550347690266812,0.1801688237042451,2126697.0,5.823408123812288,69.88089748574745,0.427896977177913,603.1295,-0.04478146701417174,1.0,6.123233995736766e-17,12.756699999999999,23.78818181818182,33.48227272727273,106.15772727272729,1.7953000000000001,45.16218741449404,24.21876882369105
2012,4,558.2778947368421,550.23,575.88,6.890529393423752,19,824176.0,1639,116765,365571,2126697,2470176,2952512,482335,115126.0,6.1212891455109,0.16336461968655844,2470176.0,6.757034885152269,81.08441862182723,0.27914399670517853,576.1204761904761,-0.03097022617841294,0.8660254037844387,-0.4999999999999998,13.069673684210526,22.477,31.929,103.321,1.852247619047619,42.71551901187079,24.837740567550924
2012,5,594.2813636363636,579.29,603.13,7.343747775167698,22,464250.0,1157,80109,338344,2470176,2517130,2935583,418453,78952.0,7.015323106776627,0.14254510943822743,2517130.0,7.439558555789374,89.27470266947249,0.15814575844048695,558.2778947368421,0.06449022832346363,0.49999999999999994,-0.8660254037844387,13.663381818181819,20.26545454545455,30.37,94.65454545454546,1.9810227272727274,43.494456317216816,29.324847478916197
2012,6,558.8385714285714,551.25,575.87,7.106303037243983,21,91649.0,1506,56968,357074,2517130,2196243,2610284,414042,55462.0,6.304394240197854,0.1586194610933289,2196243.0,6.150666248452701,73.80799498143242,0.035110738908103484,594.2813636363636,-0.05963975042212388,1.2246467991473532e-16,-1.0,13.91920476190476,20.09809523809524,28.89190476190476,82.30333333333333,2.0481952380952384,40.148742761371494,27.80554897407951
2012,7,540.465,525.64,551.4,8.526818616241707,22,0.0,1623,90191,342697,2196243,1764978,2197866,432887,88568.0,5.077228006385038,0.19695832229990362,1764978.0,5.1502580997207446,61.803097196648935,0.0,558.8385714285714,-0.03287813756592106,-0.4999999999999997,-0.8660254037844388,13.366081818181819,22.75714285714286,28.70857142857143,87.8952380952381,2.029552380952381,40.43555975131081,23.749246704331448
2012,8,505.08652173913043,485.18,522.3,11.479074879059409,23,0.0,2024,87596,350491,1764978,1328914,1767002,438088,85572.0,4.033440769890981,0.24792671428781632,1328915.0,3.791578100436245,45.498937205234945,0.0,540.465,-0.065459332724357,-0.8660254037844385,-0.5000000000000004,13.184521739130433,20.56130434782609,28.83130434782609,94.13130434782609,2.0279434782608696,38.30905145691259,24.56490664185574
2012,9,466.91499999999996,454.23,482.38,8.767232354505886,20,0.0,1884,61999,303207,1328914,965593,1330799,365206,60115.0,3.643968061860977,0.27442632165061864,965592.0,3.184599959763462,38.215199517161544,0.0,505.08652173913043,-0.07557422361558375,-1.0,-1.8369701987210297e-16,12.939435,20.20631578947368,25.76315789473684,94.51368421052632,2.026857894736842,36.0846513004625,23.10737914148781
2012,10,464.1408695652174,450.77,476.1,7.3151423978208205,23,14144.0,1777,110823,319585,965593,551106,981514,430408,109046.0,2.280426943737105,0.43851437676895083,551106.0,1.7244426365442684,20.69331163853122,0.014410390478383396,466.91499999999996,-0.005941403541935064,-0.8660254037844386,0.5000000000000001,12.891,20.38869565217391,24.15434782608696,89.4913043478261,2.0297318181818182,36.00503215927526,22.76461807480701
2012,11,435.822,427.76,450.76,7.92360802983885,20,324108.0,1671,58384,280817,551106,537684,876885,339200,56713.0,2.58515625,0.38682495424143415,537684.0,1.914713140586218,22.976557687034617,0.3696128910860603,464.1408695652174,-0.06101352288098438,-0.5000000000000004,0.8660254037844384,13.0746,19.31333333333333,22.70809523809524,86.53142857142858,2.06622,33.33348630168418,22.565861235761137
2012,12,421.755,415.13,428.02,4.175709835654187,20,881035.0,870,81205,318543,537684,1019841,1419589,399748,80335.0,3.5512097621501546,0.28159417972384965,1019841.0,3.2015803203963045,38.41896384475565,0.6206268152260971,435.822,-0.03227693875022375,-2.4492935982947064e-16,1.0,12.87047894736842,19.202,22.5645,87.8595,2.07746,32.76917679013295,21.964118321008225
2013,1,406.19545454545454,391.15,432.23,13.460772894838065,22,1074470.0,403,112130,439960,1019841,1542623,2094714,552090,111727.0,3.7941531272075206,0.2635634267971666,1542624.0,3.506280116374216,42.075361396490585,0.5129435331028485,421.755,-0.03689237935423517,0.49999999999999994,0.8660254037844387,12.699,18.84571428571429,22.59380952380952,94.75666666666667,2.028109523809524,31.98641267386838,21.553730911296096
2013,2,431.1273684210526,425.56,435.31,3.2379997977236594,19,1106582.0,496,144962,344373,1540357,2158100,2647435,489335,144466.0,5.4102710821829625,0.18483362197749897,2158100.0,6.266751458447672,75.20101750137206,0.41798268890454343,406.19545454545454,0.06137910603528951,0.8660254037844386,0.5000000000000001,12.722884210526317,18.20789473684211,21.84526315789474,95.30894736842104,1.9729315789473685,33.88597752578445,23.678045960398894
2013,3,423.3905555555555,410.14,431.56,7.08895285739572,18,1214916.0,329,216159,348989,2158100,2808198,3373345,565148,215830.0,5.968958573683354,0.167533412680885,2808197.0,8.046666227302293,96.55999472762751,0.3601517188428696,431.1273684210526,-0.017945538678818207,1.0,6.123233995736766e-17,12.524722222222222,18.339,21.5355,92.9385,1.9842142857142857,33.80438687928319,23.08689435386638
2013,4,387.87454545454545,368.86,408.09,12.226835329082581,22,1142245.0,472,213159,474690,2808198,3263065,3950914,687849,212687.0,5.7438682036319015,0.1740986581589328,3263066.0,6.874096778950473,82.48916134740567,0.2891090517282836,423.3905555555555,-0.08388474810073987,0.8660254037844387,-0.4999999999999998,12.20504090909091,17.66227272727273,20.73045454545455,92.02136363636363,2.001109090909091,31.779864430084587,21.960624855238436
2013,5,351.14181818181817,336.58,367.54,10.02840234931034,22,934422.0,570,238140,472124,3263065,3487793,4198057,710263,237570.0,5.910566930841111,0.16918874612707735,3487793.0,7.387451178080335,88.64941413696403,0.22258440035473553,387.87454545454545,-0.0947025983096691,0.49999999999999994,-0.8660254037844387,12.311486363636364,17.42636363636364,20.30863636363636,94.50954545454546,2.036472727272727,28.52148049474862,20.150033908915432
2013,6,366.4465,350.62,373.86,7.673591950387553,20,267198.0,743,212758,344391,3487793,3198585,3755734,557149,212015.0,6.740986701941491,0.148346235383017,3198585.0,9.287655600756118,111.45186720907341,0.07114401605651519,351.14181818181817,0.043585471811441234,1.2246467991473532e-16,-1.0,12.959575000000001,16.956,19.609,95.77250000000001,2.1733599999999997,28.276120165977666,21.611612408586932
2013,7,362.92304347826087,352.21,383.32,9.648067368782689,23,15679.0,429,296285,237502,3198585,2680906,3214693,533787,295856.0,6.022426548417252,0.1660460267901165,2680906.0,11.287930206903521,135.45516248284227,0.004877293103882703,366.4465,-0.009615200368236931,-0.4999999999999997,-0.8660254037844388,12.76585652173913,17.09636363636364,20.46272727272727,104.67090909090908,2.2518318181818184,28.42919649458968,21.22808400649191
2013,8,386.55500000000006,379.48,390.37,2.844928235767426,22,,919,275877,417287,2680906,1988662,2681825,693163,274958.0,3.868967328031069,,,4.765693635315742,57.188323623788904,,362.92304347826087,0.06511561320342207,-0.8660254037844385,-0.5000000000000004,12.91780909090909,17.24409090909091,21.35954545454545,106.57272727272726,2.340790909090909,29.92419204213493,22.41666447004244
2013,9,374.8815,370.12,381.83,3.2233853975366675,20,,698,240052,288963,1988662,1460343,1989359,529016,239354.0,3.7604892857682946,,,5.053736983627662,60.64484380353194,,386.55500000000006,-0.030198807414210216,-1.0,-1.8369701987210297e-16,13.075905,17.619,21.581,106.2895,2.264105,28.66964083939123,21.277115613825984
2013,10,365.4939130434783,356.82,373.27,4.868211113606327,23,,546,268308,307721,1460343,884860,1460889,576029,267762.0,2.5361379374996744,,,2.8755268571205734,34.50632228544688,,374.8815,-0.025041478324541844,-0.8660254037844386,0.5000000000000001,12.999217391304349,18.81260869565217,22.19391304347826,100.53826086956522,2.1882227272727275,28.116609026630368,19.428135616723296
2013,11,373.354,360.24,388.57,7.786984687689837,20,131690.0,549,258926,201607,884860,556566,1017099,460534,258377.0,2.2085209778213986,0.45279073128574504,556566.0,2.760648191779055,33.12777830134866,0.12947608836504607,365.4939130434783,0.02150538401876667,-0.5000000000000004,0.8660254037844384,13.079555,17.7485,21.6065,93.864,2.295936842105263,28.54485492816843,21.035805842747273
2013,12,411.2114285714286,391.6,416.96,6.277002696920144,21,691393.0,752,217107,344836,556566,686768,1248711,561943,216355.0,2.222131070233102,0.45001845903495685,686768.0,1.9915786054820261,23.898943265784315,0.5536853603435863,373.354,0.10139821341522692,-2.4492935982947064e-16,1.0,13.00755,16.5447619047619,20.74809523809524,97.6252380952381,2.347095238095238,31.613288326504883,24.854478471102937
2014,1,413.6418181818182,406.24,418.14,3.9302861114363017,22,934541.0,1378,125474,479854,686768,1017360,1622687,605327,124096.0,2.680678377141611,0.373040518596624,1017359.0,2.120144877400209,25.44173852880251,0.575921912235693,411.2114285714286,0.005910316303301633,0.49999999999999994,0.8660254037844387,13.223022727272728,15.70761904761905,21.57809523809524,94.61714285714285,2.3857809523809523,31.28194110478797,26.333833086212884
2014,2,386.391052631579,372.5,402.48,9.785287649628158,19,1045014.0,461,247864,312702,1017360,1502268,2062835,560567,247403.0,3.679908021699458,0.27174543771072335,1502269.0,4.8041521960204925,57.64982635224591,0.5065911718581467,413.6418181818182,-0.06588010291130919,0.8660254037844386,0.5000000000000001,13.280778947368422,16.88526315789474,22.59631578947368,100.81736842105263,2.3792,29.094005266019593,22.883330216320676
2014,3,371.82399999999996,367.45,377.76,2.799553347833997,20,1194477.0,544,294448,380443,1502268,2022398,2697289,674890,293904.0,3.9966350071863563,0.2502108598670739,2022398.0,5.315902776500027,63.79083331800033,0.4428435366028631,386.391052631579,-0.037700284549468055,1.0,6.123233995736766e-17,13.195085,17.88809523809524,23.01190476190476,100.80380952380953,2.3250523809523806,28.178977247967705,20.786114734460266
2014,4,366.4715,363.16,368.73,1.9207462228601873,20,1080052.0,463,315275,428565,2022398,2359073,3102913,743840,314812.0,4.171479081522908,0.2397231246896062,2359073.0,5.504586235460199,66.05503482552238,0.3480767910669748,371.82399999999996,-0.014395251516846619,0.8660254037844387,-0.4999999999999998,13.070834999999999,18.2147619047619,24.65,102.06904761904761,2.2324727272727274,28.037344209455632,20.11947792214583
2014,5,376.32550000000003,362.14,412.12,16.71157225114572,20,737115.0,580,323122,386879,2359073,2386767,3096768,710001,322542.0,4.361638927269117,0.22927161479322958,2386767.0,6.169285487193671,74.03142584632404,0.2380271948043896,366.4715,0.026888857660145593,0.49999999999999994,-0.8660254037844387,12.924733333333332,18.24047619047619,25.15857142857143,102.17714285714285,2.2195095238095237,29.11669357459342,20.6313418613758
2014,6,437.80047619047616,414.56,451.58,11.724754784723855,21,196811.0,1343,179044,305705,2386767,2100172,2584921,484749,177701.0,5.332493723555902,0.18752952217882093,2100172.0,6.869930161430137,82.43916193716164,0.07613811021690799,376.32550000000003,0.16335586132344515,1.2246467991473532e-16,-1.0,12.995761904761904,18.24190476190476,25.96,105.7942857142857,2.2360190476190476,33.68794222292249,23.99971285371202
2014,7,449.4386956521739,443.13,456.13,3.1487823105965407,23,10200.0,513,172150,328892,2100172,1609843,2110885,501042,171637.0,4.212990128572056,0.23736110683433725,1609843.0,4.894746603748343,58.73695924498011,0.004832096490334623,437.80047619047616,0.026583386941393394,-0.4999999999999997,-0.8660254037844388,12.990443478260868,18.73045454545455,26.14863636363636,103.58863636363638,2.2242136363636362,34.597640673645714,23.99507681788974
2014,8,457.91523809523807,455.18,460.57,1.6431269550696048,21,,614,117184,298617,1609843,1194655,1610457,415801,116570.0,3.873143643233181,,,4.000626220208495,48.00751464250193,,449.4386956521739,0.018860286230503398,-0.8660254037844385,-0.5000000000000004,13.140638095238094,17.7247619047619,26.53714285714286,96.53619047619047,2.2685190476190478,34.84726044324875,25.834775132985875
2014,9,466.8838095238095,461.04,477.35,4.978362658736765,21,,957,42217,322251,1194655,831144,1195612,364468,41260.0,3.280430655091805,,,2.579182066153402,30.950184793840826,,457.91523809523807,0.019585658397998307,-1.0,-1.8369701987210297e-16,13.235204761904763,16.54428571428571,26.69142857142857,93.21190476190476,2.3378809523809525,35.27590376747728,28.220245804910345
2014,11,463.81157894736845,457.2,470.65,5.002737320882904,19,227800.0,945,11220,261485,461606,406360,690351,283991,10275.0,2.4308904155413376,0.3950236908471198,417646.0,1.5540470772702066,18.64856492724248,0.32997706963559115,466.8838095238095,-0.006580289386291849,-0.5000000000000004,0.8660254037844384,13.621605263157894,15.87894736842105,24.60052631578947,75.78947368421052,2.5527277777777777,34.04970045651162,29.209214451441834
2014,12,445.1259090909091,434.21,456.04,7.431403545630413,22,812879.0,1126,13514,453592,406360,686768,1220366,479689,12388.0,2.5440775168911522,0.3827592564519631,753259.0,1.5140655038007724,18.16878604560927,0.6660944339648925,463.81157894736845,-0.04028720002822472,-2.4492935982947064e-16,1.0,14.512895238095238,14.99227272727273,24.80636363636364,59.29045454545455,2.6418857142857144,30.671061961674447,29.690355637752774
2015,1,428.45714285714286,424.25,435.3,3.5980969176179496,21,969617.0,183,74038,379695,740677,1246084,1710476,464393,73855.0,3.6832510395290194,0.26526694015762853,1256744.0,3.281802499374498,39.38162999249398,0.5668696900745758,445.1259090909091,-0.03744730624152892,0.49999999999999994,0.8660254037844387,14.692585714285716,15.0625,25.24,47.219,2.63462,29.16145266660249,28.445287492590396
2015,2,418.85421052631574,415.47,423.1,2.5869422443183283,19,1033203.0,208,144753,443771,1246084,1676969,2279495,602526,144545.0,3.783230931113346,0.2581817463955832,1690971.0,3.7789062376766394,45.346874852119676,0.45325960355254125,428.45714285714286,-0.02241281885695845,0.8660254037844386,0.5000000000000001,14.921342105263157,14.51210526315789,24.62315789473684,50.58421052631579,2.8169894736842105,28.07081344100908,28.862401624777867
2015,3,411.91476190476186,408.93,415.12,1.845550376033186,21,1001252.0,595,130987,443287,1676969,2089573,2678816,589243,130392.0,4.546199106310978,0.21437605270388113,2104542.0,4.713815203243046,56.56578243891654,0.37376661928254873,418.85421052631574,-0.01656769455136675,1.0,6.123233995736766e-17,15.228338095238096,12.84090909090909,24.39818181818182,47.82363636363636,3.1413727272727274,27.049226207656087,32.078317741255795
2015,4,414.45,413.33,415.38,0.5693763901710553,20,996818.0,464,156783,445607,2089573,2471477,3086855,615378,156319.0,5.016193299077965,0.19514684039256783,2484465.0,5.546315475295496,66.55578570354595,0.32292349332897075,411.91476190476186,0.006154763872784574,0.8660254037844387,-0.4999999999999998,15.22618,12.91095238095238,24.38714285714286,54.45285714285714,3.042090909090909,27.219565248801736,32.10065282336886
2015,5,413.71,411.77,420.09,2.3046040874735905,19,719446.0,489,189852,399814,2471477,2590139,3191412,601273,189363.0,5.307758705280297,0.1847664920731012,2601746.0,6.478359937370877,77.74031924845052,0.22543187780205126,414.45,-0.0017854988539027783,0.49999999999999994,-0.8660254037844387,15.26447,12.7035,24.7195,59.265,3.056205,27.102808024123995,32.566615499665446
2015,6,458.3890909090909,423.02,478.1,19.447562684621833,22,206163.0,472,121315,425638,2590139,2236136,2796774,560638,120843.0,4.988555895247914,0.19556567674041592,2249821.0,5.253609875058148,63.04331850069777,0.07371457257540294,413.71,0.10799615892555403,1.2246467991473532e-16,-1.0,15.483036363636364,12.11363636363636,24.76,59.819545454545455,3.111690909090909,29.605891256941614,37.840750469043165
2015,7,476.7091304347826,475.22,478.52,0.9588198856524506,23,14656.0,1375,204495,253614,2236136,1782987,2252167,469180,203120.0,4.800219531949359,0.2034080954032272,1794058.0,7.030317726939365,84.36381272327237,0.006507510322280719,458.3890909090909,0.03996613333305743,-0.4999999999999997,-0.8660254037844388,15.939582608695654,11.87863636363636,24.67227272727273,50.90090909090909,3.228809090909091,29.907253040284722,40.13163765953094
2015,8,487.74619047619046,477.65,512.57,11.060433751074367,21,,418,212710,288754,1782987,1270945,1783405,512460,212292.0,3.4800862506341956,,,4.4014801526558935,52.81776183187073,,476.7091304347826,0.023152608869357216,-0.8660254037844385,-0.5000000000000004,16.536757142857144,10.6747619047619,24.50047619047619,42.86761904761905,3.515433333333333,29.494669738611154,45.691528750501874
2015,9,572.5333333333334,524.33,591.09,21.409370222716312,21,,302,146050,286213,1270945,810709,1271247,460538,145748.0,2.760352023068672,,,2.832537306132146,33.990447673585756,,487.74619047619046,0.17383455680989446,-1.0,-1.8369701987210297e-16,16.857761904761908,12.13714285714286,24.4347619047619,45.47952380952381,3.903219047619048,33.96259459398384,47.17200251098556
2015,10,583.0259090909091,573.64,591.32,4.842376098265828,22,455.0,364,30475,315662,810709,453126,811528,358402,30111.0,2.264295400137276,0.4265250243984188,465391.0,1.435478454802922,17.225741457635063,0.0005606707347127887,572.5333333333334,0.018326576195113464,-0.8660254037844386,0.5000000000000001,16.564004545454544,14.14181818181818,25.03818181818182,46.22363636363636,3.875238095238095,35.19836688591719,41.22708279763435
2015,11,575.3052631578947,570.63,580.1,3.253229794153274,19,181332.0,387,30620,284515,453126,307794,634845,327051,30233.0,1.9411192749754624,0.4963967582638282,319710.0,1.08181993919477,12.981839270337241,0.2856319259031732,583.0259090909091,-0.013242371930010544,-0.5000000000000004,0.8660254037844384,16.63568947368421,14.843,25.5565,42.4435,3.7857684210526314,34.58259208720883,38.75936557016066
2015,12,575.1145454545455,570.51,580.54,3.455897274808092,22,760229.0,657,63173,407170,307794,581213,1068680,487467,62516.0,2.192312505256766,0.44011584384474306,598337.0,1.4274455387184715,17.129346464621655,0.7113719729011491,575.3052631578947,-0.0003315069678007099,-2.4492935982947064e-16,1.0,17.066622727272726,14.76272727272727,25.6,37.18863636363636,3.8808363636363636,33.698204656244236,38.95720179814029
2016,1,566.417,564.03,571.35,2.174675051346106,20,997931.0,283,143956,427748,581213,998633,1579427,580794,143673.0,2.7194271979393725,0.36196924580876483,1007723.0,2.3346292676996736,28.015551212396087,0.6318310374585213,575.1145454545455,-0.01512315333230052,0.49999999999999994,0.8660254037844387,18.072775,14.29105263157895,25.75894736842105,31.683157894736844,4.05558947368421,31.340898118855574,39.634379258277164
2016,2,577.419,569.43,581.3,3.019668681721333,20,1079005.0,277,79790,323326,998633,1651048,2077915,426867,79513.0,4.867827684032732,0.19400023581330325,1674799.0,5.106449837006613,61.277398044079355,0.5192729250234008,566.417,0.019423852038339184,0.8660254037844386,0.5000000000000001,18.4731,13.314,25.4775,30.323,3.964385,31.257287623625707,43.369310500225325
2016,3,578.757,574.88,585.28,3.4216956399761176,20,1164726.0,2653,113192,482170,1651048,2197496,2818427,620931,110539.0,4.539034127785535,0.21123910606873977,2223065.0,4.557512910384304,54.69015492461165,0.41325391787688665,577.419,0.0023172081278932666,1.0,6.123233995736766e-17,17.649045,15.43045454545455,26.32318181818182,37.54636363636364,3.698021739130435,32.79253919971307,37.507449848292914
2016,4,601.3319047619048,585.56,609.35,7.885488329233383,21,1084918.0,5618,141541,476181,2197496,2646203,3288032,641829,135923.0,5.122909684666788,0.18786982608441766,2670310.0,5.557136887024051,66.68564264428862,0.3299596840906658,578.757,0.039005843146441066,0.8660254037844387,-0.4999999999999998,17.48767619047619,14.99809523809524,27.89238095238095,40.7552380952381,3.5634476190476194,34.38603838567133,40.09388493776987
2016,5,610.4880952380952,608.72,615.37,1.8873330894349554,21,701105.0,402,71270,428952,2646203,2819475,3347709,528234,70868.0,6.337549267938073,0.149422142300259,2847488.0,6.572938230851005,78.87525877021206,0.20942829857672815,601.3319047619048,0.015226517009463869,0.49999999999999994,-0.8660254037844387,18.154186363636367,16.68428571428571,27.26333333333333,46.712380952380954,3.540304761904762,33.62795131710941,36.5906042183977
2016,6,626.8468181818181,616.2,635.83,6.466333609265797,22,144181.0,525,172551,333585,2819475,2426351,2964181,537831,172026.0,5.511361375599399,0.1707507065189339,2458045.0,7.273561461096872,87.28273753316246,0.048641091755193086,610.4880952380952,0.026796137502636874,1.2246467991473532e-16,-1.0,18.65296818181818,19.33727272727273,27.61045454545455,48.75727272727273,3.4234454545454542,33.605741031222664,32.416506041088795
2016,7,663.4876190476191,636.31,706.12,23.664120500192283,21,3166.0,510,125473,308869,2426351,1958108,2430026,471918,124963.0,5.149254743408813,0.17873957779069943,1995685.0,6.339606758852458,76.07528110622951,0.0013028667182984873,626.8468181818181,0.05845255938616445,-0.4999999999999997,-0.8660254037844388,18.601442857142857,19.687,28.1465,44.6515,3.2781399999999996,35.66861044829344,33.7018143469101
2016,8,734.014347826087,707.69,750.44,12.402633454262492,23,0.0,1198,99662,391468,1958108,1433355,1959307,525952,98464.0,3.72525819846678,0.25066528658616877,1468176.0,3.6614870180959875,43.93784421715185,0.0,663.4876190476191,0.10629697789945669,-0.8660254037844385,-0.5000000000000004,18.474865217391304,20.01434782608696,28.60869565217391,44.72434782608696,3.2085521739130436,39.73043046263326,36.67440749027871
2016,9,756.4876190476191,751.4,759.63,2.6575550883507715,21,0.0,4229,143147,207838,1433355,1036963,1437584,400620,138918.0,3.5883979831261543,0.2441492114547741,1086599.0,4.9892849238349095,59.871419086018925,0.0,734.014347826087,0.030616937241200626,-1.0,-1.8369701987210297e-16,19.192409523809523,21.35238095238095,27.95285714285714,45.18238095238095,3.2531809523809523,39.41597943234503,35.42872435325602
2016,10,753.7385714285714,749.5,757.9,2.3607293061981656,21,0.0,5089,46405,343108,1036963,632772,1042052,409280,41316.0,2.5460613760750586,0.37379420604729896,652539.0,1.8442356342609325,22.13082761113119,0.0,756.4876190476191,-0.003633962473184482,-0.8660254037844386,0.5000000000000001,18.892414285714285,22.91666666666667,28.53761904761905,49.775238095238095,3.185395,39.89636051960386,32.89041038961038
2016,11,741.725,729.06,749.11,6.5531153700077756,20,178503.0,3245,36734,358782,632772,399002,814520,415517,33489.0,1.9602567403981064,0.4855816922850268,419004.0,1.1121014989603715,13.345217987524459,0.2191511565093552,753.7385714285714,-0.015938644888242703,-0.5000000000000004,0.8660254037844384,20.118465,20.86857142857143,28.75904761904762,45.66095238095238,3.3368900000000004,36.86787237495505,35.542682092004384
2016,12,718.4236363636363,710.28,728.73,5.982445387452636,22,733419.0,1223,76168,398164,399002,635186,1133644,498457,74945.0,2.274306509889519,0.4184135407588273,659312.0,1.5952873690238194,19.14344842828583,0.6469570694150898,741.725,-0.03141509809749399,-2.4492935982947064e-16,1.0,20.52057619047619,18.83,29.24857142857143,51.9704761904762,3.353966666666667,35.009915398821214,38.15314053975764
2017,1,705.0463636363637,698.04,711.14,3.5906048640923283,22,1074829.0,2443,133882,413083,635186,1145217,1712458,567240,131439.0,3.0189302587969817,0.319403453982521,1165493.0,2.7723653599881866,33.268384319858235,0.6276527657904603,718.4236363636363,-0.01862031265422004,0.49999999999999994,0.8660254037844387,21.385272727272728,20.5375,29.4435,52.504,3.190084210526316,32.96878055416217,34.329707298179606
2017,2,696.3878947368421,693.27,697.98,1.3998792763320815,19,1042258.0,2217,118413,350372,1145217,1705951,2189692,483741,116196.0,4.526579305868223,0.21408718669109628,1720907.0,4.868970694005228,58.427648328062745,0.47598383699625335,705.0463636363637,-0.01228070854073271,0.8660254037844386,0.5000000000000001,20.29053684210526,20.40578947368421,30.54315789473684,53.46842105263158,3.105726315789474,34.3208215808147,34.12697634830157
2017,3,686.025,683.66,690.93,2.292438398196111,22,1205963.0,3258,77209,485565,1705951,2324546,2915172,590626,73951.0,4.935732595585024,0.19305001557369514,2352398.0,4.787301391162872,57.447616693954465,0.41368502441708416,696.3878947368421,-0.01488092313947842,1.0,6.123233995736766e-17,19.30102727272727,18.0595652173913,29.95173913043478,49.32782608695652,3.1275304347826087,35.54344493204083,37.98679490574669
2017,4,689.4483333333333,681.53,707.61,8.963492130663766,18,1043937.0,1989,205534,360778,2324546,2778433,3370473,592040,203545.0,5.69298189311533,0.16802157086603894,2804160.0,7.701226238850484,92.41471486620581,0.30973011799827505,686.025,0.004990099972061124,0.8660254037844387,-0.4999999999999998,18.78748333333333,16.31684210526316,28.70157894736842,51.060526315789474,3.138995,36.69721596559412,42.25378470206223
2017,5,771.1,714.02,809.9,25.872221783217647,21,576435.0,2692,195454,451990,2778433,2677096,3357559,680464,192762.0,4.934219885254767,0.1928316992101407,2710116.0,5.922909798889356,71.07491758667227,0.17168276119645254,689.4483333333333,0.1184304359282422,0.49999999999999994,-0.8660254037844387,18.755663636363636,15.68909090909091,28.42045454545455,48.47636363636364,3.204277272727273,41.11291474138963,49.148800556263765
2017,6,842.9963636363635,814.29,855.01,12.56515156161005,22,98879.0,3361,54201,352973,2677096,2344706,2779336,434630,50840.0,6.394717345788372,0.14650045910246187,2372162.0,6.6427347134200065,79.71281656104007,0.0355764830160873,771.1,0.09323870267976075,1.2246467991473532e-16,-1.0,18.132613636363637,13.53,27.80909090909091,45.177727272727275,3.2953954545454547,46.49061522745931,62.305717933212385
2017,7,847.0304761904762,838.16,855.69,5.636205706138192,21,2947.0,6789,66777,329853,2344706,1926980,2354442,427462,59988.0,5.507956262778913,0.16846029759917636,1957812.0,5.841935650122934,70.1032278014752,0.0012516766180691646,842.9963636363635,0.004785444787342996,-0.4999999999999997,-0.8660254037844388,17.828338095238095,14.119,26.731,46.630526315789474,3.19941,47.51034401892546,59.992242806889735
2017,8,835.0339130434783,823.41,849.13,8.90563087404936,23,0.0,10415,44566,438328,1926980,1404213,1937396,533183,34151.0,3.6336417327634227,0.24924912059750334,1454501.0,3.20356673541275,38.442800824953004,0.0,847.0304761904762,-0.014163083246960029,-0.8660254037844385,-0.5000000000000004,17.807030434782607,13.79608695652174,25.07260869565217,48.03695652173913,3.147791304347826,46.89349614478112,60.52686647127414
2017,9,855.4280952380954,849.5,857.13,2.002949372918868,21,0.0,5669,143122,232246,1404213,1002342,1409883,407540,137453.0,3.4594960003925994,0.26624072085465306,1034514.0,4.315863351790774,51.79036022148929,0.0,835.0339130434783,0.0244231783596498,-1.0,-1.8369701987210297e-16,17.835652380952382,13.931,26.9495,49.822,3.132515,47.96169363289741,61.4046439766058
2017,10,843.825909090909,833.94,854.99,7.0917696489132735,22,0.0,30354,9481,340438,1002342,659934,1032696,372762,-20873.0,2.7703896856439227,0.33884027826194735,682777.0,1.9384851279821878,23.261821535786254,0.0,855.4280952380954,-0.013563017408210087,-0.8660254037844386,0.5000000000000001,18.816095454545454,14.23181818181818,27.08590909090909,51.57772727272727,3.1922666666666664,44.84596239051624,59.291504311721496
2017,11,844.0345,835.32,848.13,3.4522448455583064,20,162960.0,5197,19070,313007,659934,472671,828091,355419,13873.0,2.3299007650125625,0.40101510582774114,496014.0,1.5100972182730739,18.121166619276885,0.19678996632012666,843.825909090909,0.000247196615846601,-0.5000000000000004,0.8660254037844384,18.915785,14.96666666666667,27.28619047619048,56.63857142857143,3.26293,44.62064355246161,56.39428730512248
2017,12,840.2825,836.75,843.67,2.2420898967845266,20,843563.0,3216,46596,365641,472671,880301,1319450,439149,43380.0,3.0045610942982908,0.31243093713289627,907213.0,2.407555498426052,28.890665981112623,0.639329265982038,844.0345,-0.004445315920142967,-2.4492935982947064e-16,1.0,19.181221052631578,14.4325,26.903,57.8815,3.2949600000000006,43.80756040996238,58.22154858825568
2018,1,821.9590909090908,799.87,836.57,10.176331507165138,22,1057304.0,44461,88040,404503,880301,1477527,1982066,504540,43579.0,3.9284615689538986,0.248499797685849,1489523.0,3.65269726058892,43.83236712706704,0.533435314464806,840.2825,-0.02180624860199898,0.49999999999999994,0.8660254037844387,18.90739090909091,13.97952380952381,26.58666666666667,63.698571428571434,3.211523809523809,43.472898765417845,58.79735977480978
2018,2,769.6436842105263,736.89,797.82,17.72207763419723,19,1020478.0,10100,153176,352051,1477527,1986912,2508105,521193,143076.0,4.812238460608642,0.2014377388506462,2002878.0,5.643818651274957,67.72582381529949,0.4068721205850632,821.9590909090908,-0.06364721465724454,0.8660254037844386,0.5000000000000001,18.644936842105263,13.57263157894737,25.66842105263158,62.22947368421052,3.2506526315789475,41.27896440348699,56.70556072591903
2018,3,717.5173684210527,707.42,734.36,9.384870118147791,19,1193629.0,17039,254534,327903,1986912,2587808,3197580,609773,237495.0,5.24388583948453,0.18214931291789416,2615143.0,7.891992448986438,94.70390938783726,0.37329136409409613,769.6436842105263,-0.06772785492671585,1.0,6.123233995736766e-17,18.630842105263156,12.82571428571429,24.72761904761905,62.724761904761905,3.2789681818181817,38.512342296023014,55.943657595760385
2018,4,743.2571428571429,724.98,749.12,6.960451955769171,21,1001424.0,6935,145791,453467,2587808,2980950,3596167,615217,138856.0,5.845363505884915,0.16663797871455915,2996909.0,6.573686729133542,78.88424074960251,0.2784698263456619,717.5173684210527,0.03587338170326437,0.8660254037844387,-0.4999999999999998,18.387185714285714,11.82428571428571,24.81285714285714,66.25380952380952,3.4088857142857143,40.4225613645528,62.858523619668986
2018,5,732.2936363636364,721.47,743.87,7.761002969949657,22,628555.0,5625,53858,371063,2980950,3157483,3615129,457646,48233.0,7.899400409923827,0.11753961821566583,3190209.0,8.509290875134411,102.11149050161293,0.17386793113053503,743.2571428571429,-0.01475062378998715,0.49999999999999994,-0.8660254037844387,19.590995454545453,11.82727272727273,24.595,69.97818181818182,3.6316,37.37909276037995,61.91568024596464
2018,6,738.0080952380953,725.26,743.44,6.4186794740410384,21,99097.0,2523,55283,403835,3157483,2758250,3259103,500853,52760.0,6.507104879076296,0.1408725038760665,2799985.0,6.830141022942539,81.96169227531047,0.030406219134528734,732.2936363636364,0.007803507487563532,1.2246467991473532e-16,-1.0,20.3032,12.06190476190476,25.61904761904762,67.87333333333333,3.7710476190476188,36.3493486365743,61.185037504934876
2018,7,733.2436363636364,721.11,743.94,7.7221669457259585,22,2510.0,1646,128986,358334,2758250,2241284,2762406,521122,127340.0,5.300881559404516,0.1764114326424139,2275086.0,6.254734409796447,75.05681291755737,0.0009086282030954175,738.0080952380953,-0.006455835518879738,-0.4999999999999997,-0.8660254037844388,19.009518181818184,11.1552380952381,25.54428571428571,70.98142857142857,3.8220952380952378,38.57244719989555,65.73088177083734
2018,8,718.7404347826086,711.26,722.72,3.8391458309711477,23,0.0,2952,85560,362293,2241284,1753192,2244236,491044,82608.0,4.570335855849985,0.19955699846183736,1796383.0,4.839155048538061,58.06986058245674,0.0,733.2436363636364,-0.019779512377295472,-0.8660254037844385,-0.5000000000000004,18.85750869565217,10.45521739130435,25.65869565217391,68.05565217391305,3.9333217391304345,38.1142836194647,68.74466669439013
2018,9,709.3195,691.87,722.19,9.539116959573475,20,0.0,2295,87500,175713,1753192,1394533,1755487,360954,85205.0,4.863464596596796,0.14993731084308798,1492274.0,7.936424738067189,95.23709685680628,0.0,718.7404347826086,-0.013107561960748915,-1.0,-1.8369701987210297e-16,19.015430000000002,10.78368421052632,25.39684210526316,70.2321052631579,4.108747368421052,37.302311859368935,65.77710234760112
2018,10,666.99,651.56,689.24,11.37847769015943,23,0.0,1409,50550,309609,1394533,1022230,1395942,373712,49141.0,3.7353416534657704,0.25800427238380963,1035783.0,3.3016805067036166,39.6201660804434,0.0,709.3195,-0.059676210790764905,-0.8660254037844386,0.5000000000000001,19.185865217391303,13.18478260869565,25.20086956521739,70.74869565217391,3.7611136363636364,34.76465577353255,50.58786479802144
2018,11,654.0564999999999,638.82,672.41,11.370776613295718,20,117602.0,668,116230,401214,1022230,604936,1140500,535563,115562.0,2.129534713936549,0.4536992547128452,623056.0,1.5077639364528657,18.093167237434386,0.10311442349846558,666.99,-0.019390845439961724,-0.5000000000000004,0.8660254037844384,20.26117,12.79238095238095,25.04190476190476,56.963499999999996,3.7859499999999997,32.281279906343016,51.12859775163788
2018,12,623.4655,614.94,637.03,7.156969716738804,20,796048.0,1274,150117,348846,604936,880225,1402258,522034,148843.0,2.6861430481539514,0.35582824273421865,903295.0,2.52324808081503,30.278976969780363,0.5676901112348798,654.0564999999999,-0.04677118872757924,-2.4492935982947064e-16,1.0,20.11117894736842,12.5535,25.2265,49.522777777777776,3.8833555555555557,31.000942392866605,49.66467519018601
2019,1,617.415909090909,590.37,684.51,26.954701623471724,22,1091304.0,592,37173,450563,880225,1465489,1972120,506631,36581.0,3.892616124950901,0.2473154537677962,1484385.0,3.2525728921371706,39.03087470564605,0.553365920937874,623.4655,-0.009703168674274676,0.49999999999999994,0.8660254037844387,19.1651,12.68095238095238,25.5652380952381,51.37571428571429,3.735565,32.215637230742814,48.6884494589151
2019,2,732.661052631579,685.21,753.05,20.760210578769517,19,1116212.0,1077,238568,265477,1465489,2049199,2582778,533579,237491.0,4.840479104312576,0.1951561458243798,2078733.0,7.718932336887941,92.6271880426553,0.43217496819316253,617.415909090909,0.1866572303106966,0.8660254037844386,0.5000000000000001,19.20487894736842,12.92894736842105,25.76631578947368,54.95473684210527,3.7244333333333333,38.14973552499132,56.66826786077755
2019,3,737.2815,725.67,748.52,7.512663887344652,20,1211563.0,6513,206880,359405,2049199,2668364,3267274,598910,200367.0,5.455367250505084,0.17332027454071053,2700990.0,7.424393094141706,89.09271712970047,0.3708176908333981,732.661052631579,0.0063063914095411455,1.0,6.123233995736766e-17,19.24774,12.47380952380952,26.22714285714286,58.151428571428575,3.840747619047619,38.30483474943033,59.10636190112619
2019,4,773.6025,738.57,785.94,13.973269923980574,20,1144102.0,1198,290236,329395,2668364,3165974,3813664,647690,289038.0,5.88810078895768,0.16247655797679084,3194033.0,9.611481655762837,115.33777986915406,0.3000007342020692,737.2815,0.049263408887921356,0.8660254037844387,-0.4999999999999998,18.986349999999998,12.53571428571429,26.86904761904762,63.862380952380946,3.8974227272727275,40.74519325726114,61.71188034188032
2019,5,784.8986363636363,779.78,789.71,2.694771472693552,22,830178.0,1492,266321,441896,3165974,3243932,3997645,753712,264829.0,5.303942354639438,0.17715859641328743,3289427.0,7.340939949671416,88.09127939605699,0.20766676380719148,773.6025,0.014601990510160423,0.49999999999999994,-0.8660254037844387,19.119654545454548,11.825,26.36090909090909,60.82681818181818,3.991490909090909,41.051925624369396,66.37620603497982
2019,6,780.364,776.99,783.94,2.3027864128394353,20,118911.0,940,180393,286383,3243932,2866789,3363783,496995,179453.0,6.768243141279087,0.13876519383087435,2897007.0,10.010332317211565,120.12398780653879,0.0353503778335285,784.8986363636363,-0.005777352837106231,1.2246467991473532e-16,-1.0,19.27447,12.4395,26.365,54.657500000000006,3.855685,40.486923894664805,62.73274649302625
2019,7,779.6460869565218,776.38,783.62,1.6873156172141996,23,0.0,2065,238207,322702,2866789,2263007,2868853,605847,236142.0,4.735276398166534,0.19551674640814765,2307945.0,7.012683528456595,84.15220234147914,0.0,780.364,-0.0009199720175178117,-0.4999999999999997,-0.8660254037844388,19.05339565217391,12.12863636363636,25.65818181818182,57.35809523809524,3.7785136363636367,40.91900998589548,64.2814297981617
2019,8,770.4181818181819,759.27,778.03,6.845699822560584,22,0.0,2515,181869,326611,2263007,1721441,2265521,544080,179354.0,4.163948316424055,0.22444275535616073,1757042.0,5.270615502845893,63.24738603415072,0.0,779.6460869565218,-0.011836018025002337,-0.8660254037844385,-0.5000000000000004,19.685040909090908,11.55545454545455,25.79045454545455,54.80590909090909,4.021968181818182,39.137240576543014,66.67138698764848
2019,9,760.9385,746.4,790.64,13.876421984980897,20,0.0,1929,228157,249817,1721441,1168741,1723370,554629,226228.0,3.107248268662475,0.27734845100007544,1245396.0,4.678388580440883,56.140662965290595,0.0,770.4181818181819,-0.012304592547141002,-1.0,-1.8369701987210297e-16,19.586505,11.158,25.637,56.947,4.1195,38.85014197275114,68.19667503136763
2019,10,801.3721739130435,792.99,806.04,3.9439101000746004,23,0.0,2913,24103,399078,1168741,720087,1171654,451567,21190.0,2.594640440953391,0.36118256754980566,748473.0,1.8043765880354217,21.65251905642506,0.0,760.9385,0.05313658582532432,-0.8660254037844386,0.5000000000000001,19.324182608695654,12.45739130434783,26.02782608695652,53.96304347826087,4.082545454545454,41.469913120797955,64.32905207315369
2019,11,790.1885,786.91,797.15,3.0139347860789023,20,73215.0,5351,48687,318304,720087,413143,798653,385510,43336.0,2.0716790744727764,0.45951245409458175,431662.0,1.2979510153815221,15.575412184578266,0.09167310458985317,801.3721739130435,-0.013955655408440792,-0.5000000000000004,0.8660254037844384,19.332475,12.687,27.244,57.048947368421054,4.155794736842105,40.87363361390614,62.2833215102073
2019,12,785.1857142857143,778.57,790.28,3.6798662630979155,21,591251.0,3931,13648,328081,413143,643320,1008325,365005,9717.0,2.7624964041588473,0.33890759427763867,666596.0,1.9608572273310554,23.530286727972666,0.5863694741278853,790.1885,-0.006331129489084764,-2.4492935982947064e-16,1.0,19.107085,13.3352380952381,25.91,59.81666666666667,4.104485714285714,41.09395620973656,58.88051706899012
2020,1,781.8649999999999,778.75,787.76,2.4991727202645415,22,915107.0,2147,110141,421063,643320,1004626,1560574,555948,107994.0,2.8070502996683144,0.340390138500321,1029370.0,2.3859279965230855,28.631135958277024,0.5863912893589154,785.1857142857143,-0.0042292087404255385,0.49999999999999994,0.8660254037844387,18.804018181818183,14.16666666666667,25.89809523809524,57.519047619047626,4.151161904761905,41.57967687757258,55.19047058823528
2020,2,781.4321052631578,779.12,784.89,1.846854921052289,19,965703.0,947,99410,368058,1004626,1476384,1971275,494891,98463.0,3.983250857259477,0.23713980183393904,1503808.0,4.011280830738634,48.1353699688636,0.48988750935308367,781.8649999999999,-0.0005536694145946708,0.8660254037844386,0.5000000000000001,18.844321052631578,15.07105263157895,26.59789473684211,50.54263157894737,4.3470157894736845,41.467777113361805,51.84986904138291
2020,3,823.1014285714286,786.98,884.63,29.237485234834153,21,1142394.0,639,170594,460760,1476384,1957057,2619418,662360,169955.0,3.9546741953016484,0.24102844258856074,1988063.0,4.247454206094279,50.96945047313135,0.4361251239779218,781.4321052631578,0.05332430421992718,1.0,6.123233995736766e-17,22.3784,11.805,27.09454545454545,29.207727272727276,4.8862,36.781066947209304,69.72481394082412
2020,4,918.8120000000001,896.91,934.22,10.570157893557464,20,947809.0,1011,244363,371102,1957057,2261280,2905878,644598,243352.0,4.508046875727198,0.2118000865143294,2290412.0,6.093419059988898,73.12102871986677,0.3261695776629301,823.1014285714286,0.11628040980889365,0.8660254037844387,-0.4999999999999998,24.26584,10.05190476190476,26.06619047619048,16.547619047619047,5.317140909090909,37.864421755026825,91.40675541238338
2020,5,921.7294736842106,883.75,933.74,13.85892871989596,19,510659.0,1739,135345,299439,2261280,2313583,2773678,460095,133606.0,6.028489768417392,0.15675359576706452,2338894.0,7.726391685785753,92.71670022942904,0.18410897011116648,918.8120000000001,0.0031752672845049013,0.49999999999999994,-0.8660254037844387,23.42302,10.641,25.851,28.5625,5.639445,39.351436052405305,86.62056890181474
2020,6,903.9772727272727,897.5,910.0,5.703961181510002,22,122943.0,4437,86258,349073,2313583,1977220,2440963,463742,81821.0,5.263622876513233,0.17834395687275884,2005632.0,5.664202043698596,67.97042452438315,0.05036659711761301,921.7294736842106,-0.019259665079365607,1.2246467991473532e-16,-1.0,22.29895909090909,11.82818181818182,25.97954545454545,38.307272727272725,5.188413636363636,40.538989691936294,76.42571670125278
2020,7,955.06,887.5,988.12,36.350204034273744,19,9240.0,2789,107666,265856,1977220,1586682,1989249,402567,104877.0,4.9414109949399725,0.187770359567857,1615727.0,5.968200830524795,71.61840996629753,0.004644969031026282,903.9772727272727,0.05650886235072283,-0.4999999999999997,-0.8660254037844388,22.40328260869565,11.90181818181818,26.61818181818182,40.710454545454546,5.273518181818182,42.63035987544527,80.24488237091354
2020,8,965.7657142857144,957.36,971.47,3.7425480243125318,21,0.0,10789,111694,248201,1586682,1208814,1597471,388658,100905.0,4.110222869463642,0.22529047475666225,1237576.0,4.870302698216365,58.44363237859638,0.0,955.06,0.011209467767171022,-0.8660254037844385,-0.5000000000000004,22.207161904761907,12.81428571428571,27.4352380952381,42.33904761904762,5.468533333333333,43.48893021213233,75.36633221850616
2020,9,971.5580952380953,958.4,982.12,9.326466436463267,21,0.0,17853,61315,272098,1208814,857523,1226667,369144,43462.0,3.323004030947273,0.2718040022271733,893254.0,3.151522613176135,37.81827135811362,0.0,965.7657142857144,0.0059977082088331635,-1.0,-1.8369701987210297e-16,21.680980952380953,12.44142857142857,26.84619047619048,39.63428571428571,5.399971428571429,44.81153769619456,78.09055766065757
2020,10,975.2404545454546,972.49,978.47,1.8502804865176115,22,1712.0,8394,6261,326370,857523,509035,867630,358595,-2133.0,2.4195262064445964,0.3833793015217334,534998.0,1.5596868584735117,18.71624230168214,0.0019731913373212083,971.5580952380953,0.003790158638384611,-0.8660254037844386,0.5000000000000001,21.270500000000002,14.28772727272727,27.38863636363636,39.39590909090909,5.6253,45.849437227402014,68.25721375624344
2020,11,956.9352631578947,940.58,971.99,10.89399904556071,19,171359.0,3205,11151,313606,509035,336010,683598,347588,7946.0,1.96669044961276,0.4750694486094918,358842.0,1.0714399596946487,12.857279516335785,0.250672178678112,975.2404545454546,-0.018769926229210476,-0.5000000000000004,0.8660254037844384,20.381915789473684,14.9335,29.3285,40.93736842105263,5.448211111111111,46.9502117976617,64.07977119616264
2020,12,934.3118181818182,926.16,945.04,5.0403048248368325,22,845793.0,1884,45938,346505,336010,765652,1183687,418035,44054.0,2.831549989833387,0.3315428825356703,791244.0,2.2096419965079868,26.51570395809584,0.7145410906768428,956.9352631578947,-0.023641562650140946,-2.4492935982947064e-16,1.0,19.96507727272727,14.66772727272727,28.36363636363636,47.025,5.144695238095238,46.79730538574516,63.698472217918145
2021,1,918.3555,898.76,933.47,9.667837332320584,20,1054896.0,1235,109690,334500,765652,1340554,1821782,481229,108455.0,3.7856862325420955,0.24382157479787658,1377593.0,4.007635276532137,48.09162331838565,0.5790462305588704,934.3118181818182,-0.017078150860672436,0.49999999999999994,0.8660254037844387,19.921475,15.91631578947368,28.78947368421053,52.008421052631576,5.367288888888889,46.098770296878115,57.69899970239081
2021,2,901.5736842105264,886.77,915.67,7.470757964316793,19,1062132.0,549,102455,365693,1340554,1897716,2403234,505519,101906.0,4.7539934206231615,0.19479909372158777,1935087.0,5.189369225005674,62.272430700068085,0.4419594596281511,918.3555,-0.018273768480151387,0.8660254037844386,0.5000000000000001,20.309731578947368,17.00052631578947,29.62315789473684,59.04631578947369,5.4131526315789475,44.39121613724715,53.03210426921768
2021,3,912.7563636363636,908.37,916.15,2.187067062909221,22,1188484.0,1758,190268,356580,1897716,2498772,3087957,589185,188510.0,5.241065200234222,0.17709049151575249,2541110.0,7.007605586404173,84.09126703685007,0.38487712102208677,901.5736842105264,0.012403511350965735,1.0,6.123233995736766e-17,20.75545,15.80565217391304,30.47782608695652,62.333043478260876,5.635117391304347,43.9767079796566,57.74873150396492
2021,4,907.8299999999999,899.19,912.43,4.468264704970291,20,961128.0,1464,269117,255693,2498772,2900418,3461364,560947,267653.0,6.1705722644028755,0.15161941939651535,2936554.0,11.343360983679647,136.12033180415577,0.27767319472901436,912.7563636363636,-0.00539723833503325,0.8660254037844387,-0.4999999999999998,20.015285,16.23761904761905,31.29333333333333,61.71666666666666,5.568563636363636,45.356836038057914,55.90905891668377
2021,5,906.4100000000001,904.21,911.12,1.4998666607402074,20,383637.0,3938,156228,304800,2900418,2789986,3287993,498006,152290.0,6.602316036352976,0.14021562697974113,2826965.0,9.153497375328085,109.84196850393701,0.11667816811045523,907.8299999999999,-0.0015641695031006764,0.49999999999999994,-0.8660254037844387,19.963128571428573,17.20333333333333,32.41666666666667,65.1695,5.28523,45.404205896728186,52.68804495252859
2021,6,903.9368181818182,894.1,910.07,5.556700276726127,22,36633.0,5309,97188,364783,2789986,2324557,2831928,507371,91879.0,5.58157245881219,0.163129500467526,2369957.0,6.372437860316955,76.46925432380347,0.012935710229921099,906.4100000000001,-0.0027285464835801188,1.2246467991473532e-16,-1.0,20.03006818181818,17.21409090909091,33.04681818181818,71.37818181818182,5.028536363636364,45.12899356989436,52.51144675345251
2021,7,885.6086363636364,873.72,892.62,6.382578442585541,22,9675.0,2232,54798,338696,2324557,1900330,2336464,436134,52566.0,5.3572159015348495,0.16841432181279062,1942970.0,5.61072466164348,67.32869593972175,0.004140872703367139,903.9368181818182,-0.020275954524174855,-0.4999999999999997,-0.8660254037844388,19.97010909090909,17.7147619047619,36.14,72.4852380952381,5.161095238095238,44.346709992024444,49.992692034182866
2021,8,863.1636363636363,850.92,874.31,7.252341195355661,22,0.0,1530,43975,358028,1900330,1465404,1901860,436457,42445.0,4.35749684390444,0.2113736026836886,1499857.0,4.092987140670562,49.11584568804674,0.0,885.6086363636364,-0.02534415212137109,-0.8660254037844385,-0.5000000000000004,20.076136363636365,19.38363636363636,35.19727272727273,67.73045454545455,5.248695454545454,42.99450953755589,44.53053184504269
2021,9,843.5757142857143,836.58,851.43,5.004402633110708,21,0.0,375,77793,270175,1465404,1053114,1465779,412665,77418.0,3.551982843226346,0.23739458676921965,1117811.0,3.897895808272416,46.774749699268995,0.0,863.1636363636363,-0.022693173406195255,-1.0,-1.8369701987210297e-16,20.048690476190476,19.26428571428571,35.73619047619048,71.64619047619047,5.278995238095239,42.07634983878534,43.78961809417873
2021,10,825.8938095238095,812.64,835.22,6.7573511646136755,21,0.0,468,33078,368608,1053114,621324,1053582,432258,32610.0,2.4373915578196357,0.38125746263698507,651896.0,1.6855955378071013,20.227146453685215,0.0,843.5757142857143,-0.020960661221591348,-0.8660254037844386,0.5000000000000001,20.462557142857143,19.61904761904762,37.19142857142857,81.47666666666666,5.54163,40.36122190193145,42.09652912621359
2021,11,826.9110000000001,811.36,841.62,11.568606293713492,20,169191.0,599,76224,299356,621324,382024,791114,409090,75625.0,1.9338385196411547,0.4747482663686902,415534.0,1.2761528080278999,15.3138336963348,0.2138642471249403,825.8938095238095,0.0012316238049743244,-0.5000000000000004,0.8660254037844384,20.900425,19.74619047619048,37.12,79.14750000000001,5.56676,39.56431507971728,41.87698893095714
2021,12,847.3904347826086,841.09,852.88,3.9862986685769912,23,857800.0,464,67658,405449,382024,726042,1240289,514246,67194.0,2.411859304690751,0.38144930854769216,767181.0,1.7907110388729532,21.48853246647544,0.6916130030984714,826.9110000000001,0.02476618981076384,-2.4492935982947064e-16,1.0,20.89184347826087,19.16727272727273,36.70954545454545,71.71181818181819,5.65487619047619,40.56082631790563,44.21027690480314
2022,1,842.0638095238095,838.32,844.43,1.7156936678512327,21,1052210.0,571,155130,358462,726042,1230323,1778824,548501,154559.0,3.2430642788253805,0.2887257473059433,1265231.0,3.4322271258878208,41.18672551065385,0.5915200154708954,847.3904347826086,-0.00628591619654717,0.49999999999999994,0.8660254037844387,20.49777142857143,18.461,35.4835,83.22200000000001,5.530044999999999,41.08074931258496,45.61312006520825
2022,2,832.5031578947368,821.16,839.96,6.286817824827897,19,1063134.0,451,238545,275047,1230323,1742413,2293908,551494,238094.0,4.1594432577688965,0.22389389635504126,1780316.0,6.334964569691725,76.0195748363007,0.46345973770526105,842.0638095238095,-0.011353832715455758,0.8660254037844386,0.5000000000000001,20.44952105263158,18.20315789473684,35.37526315789474,91.64105263157894,5.1983999999999995,40.71015432352166,45.733996414734285
2022,3,879.8395454545455,819.88,911.36,35.29802240208136,22,1249594.0,614,225375,396045,1742413,2324460,2992621,668161,224761.0,4.478892063439799,0.20765075163209776,2371201.0,5.869181532401621,70.43017838881946,0.4175583877811457,832.5031578947368,0.05686030991103341,1.0,6.123233995736766e-17,20.556209090909093,19.10782608695652,36.33086956521739,108.50260869565217,4.976395652173913,42.801644095148426,46.046030639516125
2022,4,892.9910526315789,880.25,908.23,9.024623042134849,19,1086368.0,712,193735,384317,2324460,2790299,3411539,621240,193023.0,5.491499259545425,0.16944019416451223,2833488.0,7.260410026098247,87.12492031317896,0.31843927330158034,879.8395454545455,0.014947619989323258,0.8660254037844387,-0.4999999999999998,20.108805263157894,19.69904761904762,36.87714285714286,101.7775,4.754719047619047,44.40796163398438,45.331686582051724
2022,5,880.5023809523809,870.63,884.12,2.8770278148844284,21,596828.0,547,177402,246142,2790299,2925445,3387675,462230,176855.0,7.328981243104082,0.12502501716516998,2964130.0,11.88519228737883,142.62230744854597,0.17617628609592123,892.9910526315789,-0.013985214792908374,0.49999999999999994,-0.8660254037844387,20.030527272727273,19.28090909090909,36.37136363636364,109.55238095238094,4.961490476190476,43.95802311960285,45.66705733639582
2022,6,874.7904545454545,865.8,888.77,7.49532011278204,22,100219.0,686,151588,395250,2925445,2435067,3026349,591282,150902.0,5.118283661603093,0.18069225304409603,2479512.0,6.160827324478178,73.92992789373814,0.033115480071862165,880.5023809523809,-0.006487122045880422,1.2246467991473532e-16,-1.0,20.023736363636363,18.79409090909091,35.98272727272727,114.83714285714285,5.0476809523809525,43.687673402157714,46.546037197378276
2022,7,889.812380952381,885.26,892.27,1.7411631306741466,21,9707.0,522,93768,333546,2435067,1979887,2445296,465409,93246.0,5.25407974491254,0.17474939639209322,2017982.0,5.935873912443861,71.23048694932633,0.00396966256845797,874.7904545454545,0.017172028259878402,-0.4999999999999997,-0.8660254037844388,20.546723809523808,18.34,34.85,101.619,5.368245,43.306776749485266,48.517578023575844
2022,8,889.3169565217391,884.26,894.33,3.0915213006818356,23,0.0,805,172685,324803,1979887,1430810,1980692,549882,171880.0,3.6020309811923283,0.25116878343528426,1483204.0,4.405162513893036,52.86195016671644,0.0,889.812380952381,-0.0005567740360181705,-0.8660254037844385,-0.5000000000000004,20.120930434782608,18.06260869565217,35.48391304347826,93.66521739130435,5.140413043478261,44.19860003016543,49.23524455998461
2022,9,915.3890476190476,885.94,969.63,25.982150008180888,21,0.0,425,74597,326048,1430810,964273,1431235,466963,74172.0,3.0649858768253586,0.27992957131428453,1030590.0,2.9574571842182746,35.48948621061929,0.0,889.3169565217391,0.029316984125975276,-1.0,-1.8369701987210297e-16,20.07502380952381,18.18590909090909,34.97272727272727,84.25809523809524,5.243566666666667,45.59840408183113,50.33507222779637
2022,10,1008.6519047619047,973.63,1022.63,15.097560603967644,21,0.0,623,4241,339153,964273,587925,964895,376970,3618.0,2.559606865267793,0.35588705933074655,621502.0,1.7335096549344986,20.802115859213984,0.0,915.3890476190476,0.10188330020490888,-0.8660254037844386,0.5000000000000001,19.98454285714286,18.30095238095238,34.59428571428571,87.5547619047619,5.252105,50.47160257665804,55.114722106577844
2022,11,1021.973,1015.9,1025.19,2.4455202869091544,20,128564.0,662,28631,315689,587925,339244,717151,377908,27969.0,1.8976867385712926,0.48012203845494184,372831.0,1.0746145732033743,12.89537487844049,0.17927047441891597,1008.6519047619047,0.01320683099412756,-0.5000000000000004,0.8660254037844384,19.444915,19.40590909090909,35.98318181818182,84.37047619047618,5.26803,52.55733954095453,52.66297987960555
2022,12,1032.939090909091,1024.95,1036.93,3.4182255339381014,22,728642.0,351,65797,316331,339244,653681,1068236,414555,65446.0,2.576825752915777,0.3577183714849795,686109.0,2.066446222469502,24.79735466963402,0.6820983378204816,1021.973,0.010730313725598517,-2.4492935982947064e-16,1.0,19.592961904761903,20.065,36.51772727272727,76.43714285714286,5.245442857142858,52.71990503171671,51.47964569693949
2023,1,1030.485909090909,1024.26,1035.66,4.146781493308438,22,1060226.0,319,161375,397356,653681,1125942,1714226,588285,161056.0,2.9139379722413454,0.3259377701656608,1155495.0,2.83358499682904,34.00301996194848,0.6184867106204199,1032.939090909091,-0.0023749530245998907,0.49999999999999994,0.8660254037844387,18.986336363636365,19.94318181818182,36.48318181818182,78.123,5.192175000000001,54.275131829253276,51.67108831908831
2023,2,1013.8963157894736,1006.93,1023.91,5.442389396136678,19,1021936.0,321,180000,338690,1125942,1602864,2148198,545334,179679.0,3.939233570619107,0.2414534221457137,1629509.0,4.732540080899938,56.79048097079925,0.47571778765272105,1030.485909090909,-0.016098806548524913,0.8660254037844386,0.5000000000000001,18.59856842105263,21.4035,36.8865,76.83263157894737,5.180815789473685,54.51475042787674,47.37058498794466
2023,3,1020.1272727272727,1009.49,1035.66,7.288394677135503,22,1122223.0,2109,139402,380836,1602864,2166835,2727196,560361,137293.0,4.866855473525103,0.19075930002830746,2206958.0,5.689680072262076,68.27616086714491,0.41149334334605947,1013.8963157894736,0.006145556346111469,1.0,6.123233995736766e-17,18.374904545454545,20.96173913043478,37.88260869565217,73.27782608695652,5.208626086956522,55.517418890735115,48.66615629454758
2023,4,1059.9066666666668,1035.41,1083.22,14.852806429208266,18,821798.0,7086,100012,364030,2166835,2507803,2995720,487917,92926.0,6.139814763576592,0.1549017114088471,2531677.0,6.889000906518693,82.66801087822432,0.27432403562415714,1020.1272727272727,0.038994540194034144,0.8660254037844387,-0.4999999999999998,18.085494444444446,24.582,41.1725,79.44631578947369,5.021520000000001,58.60534639639072,43.117186016868715
2023,5,1117.0052380952382,1086.65,1147.13,16.67391544270489,21,322316.0,29345,85981,458151,2507803,2281151,2859464,578313,56636.0,4.944491996548582,0.19029160709839327,2315332.0,4.979037478909792,59.7484497469175,0.11271902706241449,1059.9066666666668,0.053871320206091866,0.49999999999999994,-0.8660254037844387,17.7373,25.7295652173913,42.51521739130435,71.57818181818182,4.981272727272727,62.97493068816777,43.41329628610376
2023,6,1193.8772727272726,1147.01,1230.43,27.31322968851029,22,18543.0,55769,132211,344001,2281151,1850080,2355463,505383,76442.0,4.6607483829095955,0.2021734155875087,1879251.0,5.378123900802614,64.53748680963136,0.0078723376253416,1117.0052380952382,0.06881976199424078,1.2246467991473532e-16,-1.0,17.241204545454544,24.76227272727273,41.25136363636364,70.24809523809525,4.8537333333333335,69.24558371659859,48.213558015309204
2023,7,1242.0980952380953,1230.99,1251.53,5.201204301935896,21,0.0,73022,52040,361378,1850080,1481283,1923102,441819,-20982.0,4.352691939459372,0.21497455673178023,1509684.0,4.098984996319643,49.18781995583572,0.0,1193.8772727272726,0.04039010006503263,-0.4999999999999997,-0.8660254037844388,16.904938095238094,24.00809523809524,38.62428571428571,76.0695,4.80048,73.47545955154834,51.7366364519904
2023,8,1225.5300000000002,1220.9,1238.1,4.805586710939995,23,0.0,53767,68627,308300,1481283,1120944,1535050,414105,14860.0,3.706910083191461,0.24554705058467152,1158123.0,3.6358871229322087,43.630645475186505,0.0,1242.0980952380953,-0.013338797717839856,-0.8660254037844385,-0.5000000000000004,16.976643478260872,24.19304347826087,40.49869565217391,81.38608695652174,4.901226086956521,72.18918165827833,50.656297174897574
2023,9,1347.9938095238094,1239.39,1451.07,67.89536718187703,21,0.0,43138,21681,269283,1120944,835091,1164083,328992,-21457.0,3.5383322390818015,0.24995146390030942,873118.0,3.1011649454291583,37.213979345149895,0.0,1225.5300000000002,0.09992722293522749,-1.0,-1.8369701987210297e-16,17.307690476190476,26.56380952380952,42.5552380952381,89.425,4.938665,77.88409501418994,50.74550050193604
2023,10,1521.6931818181818,1469.4,1556.35,25.551973809950915,22,0.0,41376,19,316298,835091,537466,876467,339001,-41357.0,2.5854407509122392,0.3609000681143728,560150.0,1.6992393249404043,20.39087189928485,0.0,1347.9938095238094,0.1288576928671008,-0.8660254037844386,0.5000000000000001,18.082331818181817,26.90363636363636,44.22818181818182,85.63952380952381,5.055871428571429,84.15359241932042,56.5608738257755
2023,11,1533.3925,1499.97,1558.24,19.07593217009065,20,83231.0,92814,18534,340318,537466,332863,713511,380648,-74280.0,1.874464071793363,0.5029382868659348,354659.0,0.9780940179479193,11.737128215375032,0.11664991850160684,1521.6931818181818,0.007688355525020674,-0.5000000000000004,0.8660254037844384,17.376695,27.30954545454545,44.74272727272727,77.685,4.898025,88.24419718479261,56.148591068723896
2023,12,1448.131,1406.43,1495.15,28.991078464353663,20,539192.0,68947,41660,336563,332863,546352,941001,394649,-27287.0,2.384399808437371,0.40193644646876414,562779.0,1.6233275790862334,19.479930949034802,0.5729983283758465,1533.3925,-0.055603180529446905,-2.4492935982947064e-16,1.0,17.18598947368421,22.14571428571429,39.95761904761905,71.9,4.8998,84.26229995179673,65.39102696426266
2024,1,1331.5618181818181,1281.64,1413.32,42.97505883941392,22,850325.0,94245,60339,417459,546352,991121,1490922,499802,-33906.0,2.983025278010092,0.3204714934785321,1013124.0,2.3741756675505856,28.49010801060703,0.5703350007579203,1448.131,-0.0804962961349367,0.49999999999999994,0.8660254037844387,17.08731818181818,22.47478260869565,39.92695652173913,74.15238095238095,4.918242857142857,77.92690485500944,59.246927606170814
2024,2,1307.2565,1272.17,1331.16,18.77872151777392,20,930506.0,74241,109072,383055,991121,1485870,1995868,509998,34831.0,3.9134820136549555,0.24657291965200104,1503741.0,3.878999099346047,46.54798919215256,0.46621620267472597,1331.5618181818181,-0.018253240555519912,0.8660254037844386,0.5000000000000001,17.089775,23.34190476190476,41.58380952380952,77.249,4.960875,76.49348806523199,56.00470541433759
2024,3,1310.6255555555556,1284.98,1330.69,13.446498876144007,18,982983.0,63363,105203,318449,1485870,2075043,2532215,457173,41840.0,5.538855094242224,0.1673048428728039,2108564.0,6.516092058696997,78.19310470436396,0.388190971145815,1307.2565,0.0025771954896041116,1.0,6.123233995736766e-17,16.791788888888888,21.76904761904762,39.96095238095238,81.27799999999999,4.979804761904762,78.05157414900538,60.20592074082176
2024,4,1257.294090909091,1239.56,1285.7,16.350399342462957,22,877671.0,60146,12756,390375,2075043,2587309,3012859,425550,-47390.0,7.079917753495477,0.13380342929973513,2609729.0,6.6277528017931475,79.53303362151777,0.29130835528645715,1310.6255555555556,-0.040691610521708554,0.8660254037844387,-0.4999999999999998,16.81044090909091,20.64727272727273,39.54772727272727,85.34727272727274,5.129981818181818,74.79245176901692,60.893954737583655
2024,5,1233.6263636363635,1222.96,1244.6,5.269520214406928,22,390430.0,67888,58887,333847,2587309,2636919,3045627,408708,-9001.0,7.451840923104025,0.12895013079408607,2652893.0,7.898585280083392,94.7830233610007,0.12819363631856429,1257.294090909091,-0.0188243366797457,0.49999999999999994,-0.8660254037844387,16.793563636363636,18.7995652173913,37.62521739130435,80.02454545454545,5.136790909090909,73.45828380136979,65.61994117263666
2024,6,1188.3515,1163.48,1215.59,14.013439892887819,20,47267.0,42522,17888,323629,2636919,2361551,2726707,365157,-24634.0,7.46721821024929,0.12524883485873808,2385191.0,7.297093276560506,87.56511931872608,0.01733482915472766,1233.6263636363635,-0.03670062911342675,1.2246467991473532e-16,-1.0,18.21737,19.1695,37.5755,79.76736842105262,5.3860947368421055,65.23178153597364,61.99178382326091
2024,7,1133.56,1099.74,1163.4,22.27382830302702,23,1943.0,45163,9193,343004,2361551,2038473,2408657,370184,-35970.0,6.5066480452963935,0.14622131752258624,2056460.0,5.943000664715281,71.31600797658336,0.0008066735944553334,1188.3515,-0.046107149273594605,-0.4999999999999997,-0.8660254037844388,18.111691304347826,19.35173913043478,37.86608695652174,81.80045454545454,5.543781818181818,62.587197460012014,58.576647419623
2024,8,1061.73,1035.15,1094.28,17.36607914187596,22,0.0,39950,6077,330209,2038473,1723189,2078423,355234,-33873.0,5.850856055445143,0.1617986329058137,1742137.0,5.2184798112710435,62.62175773525252,0.0,1133.56,-0.06336673841702245,-0.8660254037844385,-0.5000000000000004,19.151481818181818,18.41954545454545,35.63181818181818,76.68318181818182,5.551745454545455,55.4385300354162,57.641487550280104
2024,9,1017.775,1008.04,1030.57,5.4795653880673285,20,0.0,30871,11648,294024,1723189,1417934,1754059,336125,-19223.0,5.218472294533283,0.17426541851476005,1448388.0,4.82251108753027,57.870133050363236,0.0,1061.73,-0.04139941416367632,-1.0,-1.8369701987210297e-16,19.631629999999998,20.6247619047619,36.27142857142857,70.236,5.537834999999999,51.84363193479095,49.34723633173255
2025,1,989.03,962.45,1015.32,20.69615239143557,22,862943.0,12021,114697,299568,879369,1322859,1754333,431474,102676.0,4.065906636321076,0.23613817901162437,1340068.0,4.415888879987182,52.990666559846176,0.4918923602303554,1017.775,-0.028242981012502777,0.49999999999999994,0.8660254037844387,20.54901818181818,18.93,36.06434782608696,75.74249999999999,6.010880952380952,48.13028005761833,52.24669836238775
2025,2,964.8757894736842,939.29,977.35,12.838816281447892,19,911717.0,13695,150156,259349,1322859,1817133,2248272,431138,136461.0,5.214738668361407,0.18214218837497792,1838766.0,7.006516315852385,84.0781957902286,0.4055189941430574,989.03,-0.02442212119583409,0.8660254037844386,0.5000000000000001,20.457136842105264,20.1855,37.3875,71.53315789473685,5.763831578947368,47.16572983408698,47.80044038907553
2025,3,962.517,927.46,1005.29,31.79582347614718,20,1085142.0,12963,59212,326923,1817133,2506343,2915238,408894,46249.0,7.129569032561006,0.13245402262182368,2529103.0,7.666462745050057,91.9975529406007,0.3722310151006539,964.8757894736842,-0.0024446560888120583,1.0,6.123233995736766e-17,20.241745,19.05619047619048,37.41095238095238,68.23904761904762,5.75807619047619,47.551088110239505,50.50941326403118
2025,4,978.4655,937.34,1010.02,24.906574586473727,20,877274.0,9134,66616,414140,2506343,2882041,3392751,510710,57482.0,6.643204558359931,0.14170093826514235,2911995.0,6.959098372531028,83.50918047037234,0.25857305767502536,962.517,0.016569577472397956,0.8660254037844387,-0.4999999999999998,20.056355,18.17181818181818,37.43636363636364,63.53666666666667,5.790545454545454,48.78580878728962,53.84521736955327
2025,5,916.6142857142858,886.84,1010.0,26.341974787670797,21,399118.0,7223,184356,269356,2882041,2806671,3288382,481711,177133.0,6.826462339452493,0.1379742377862426,2834670.0,10.419931243410208,125.0391749209225,0.12137215201883479,978.4655,-0.06321246307173245,0.49999999999999994,-0.8660254037844387,19.43549523809524,17.43136363636364,36.85272727272727,62.16761904761905,5.666428571428572,47.16186927501817,52.584198507690644
2025,6,872.9095238095238,858.73,882.78,6.014892747331819,21,38434.0,11051,51358,392877,2806671,2392966,2856156,463189,40307.0,6.166286332361088,0.1555359721247719,2411921.0,6.0908783156051385,73.09053978726166,0.013456547891641774,916.6142857142858,-0.04768064668630423,1.2246467991473532e-16,-1.0,19.029980952380953,16.22619047619048,35.20380952380952,68.16900000000001,5.545775,45.87022582911776,53.79633162142331
2025,7,847.8882608695652,829.98,860.23,8.940488420750848,23,3110.0,10183,78792,330224,2392966,1971453,2406259,434806,68609.0,5.534097965529455,0.16998003955517674,1997243.0,5.970047604050584,71.640571248607,0.0012924626983213362,872.9095238095238,-0.028664211189679212,-0.4999999999999997,-0.8660254037844388,18.690930434782608,16.36478260869565,36.13347826086957,68.39090909090909,5.533204545454546,45.36361974210231,51.81176439331546
2025,8,837.6909523809524,824.56,849.04,8.762655365105946,21,0.0,5963,93074,275867,1971453,1555664,1977416,421752,87111.0,4.68857527646579,0.1865773312241835,1608475.0,5.639181199636057,67.67017439563267,0.0,847.8882608695652,-0.012026712668665618,-0.8660254037844385,-0.5000000000000004,18.70632857142857,16.38952380952381,36.92190476190476,64.86428571428571,5.4454666666666665,44.78115249511943,51.11136614562148
2025,9,850.5228571428571,845.91,852.54,1.9626414416727758,21,0.0,6084,74590,317539,1555664,1123129,1561747,438618,68506.0,3.560608547756818,0.25108340141943514,1169619.0,3.536979709578981,42.44375651494777,0.0,837.6909523809524,0.015318184737978635,-1.0,-1.8369701987210297e-16,18.499009523809523,15.79,36.09318181818182,63.959047619047624,5.362985714285714,45.976670050803236,53.864652130643265
2025,10,844.7652173913043,841.13,849.38,1.7669693354472855,23,0.0,3939,43512,307347,1123129,762129,1127068,364938,39573.0,3.088382136143674,0.3113024236337115,776209.0,2.479702095676873,29.75642514812248,0.0,850.5228571428571,-0.006769529711281752,-0.8660254037844386,0.5000000000000001,18.429582608695654,15.55869565217391,34.75,60.89454545454546,5.383154545454546,45.837457924452266,54.29537515718877
2025,11,854.7342105263158,836.71,900.3,20.87714016062898,19,61926.0,787,16836,324719,762130,480512,824843,344331,16049.0,2.395494451559691,0.4140848622101418,483288.0,1.4797779002768547,17.757334803322255,0.07507610539217767,844.7652173913043,0.011800903884035874,-0.5000000000000004,0.8660254037844384,18.418484210526316,14.623,33.6075,60.06222222222222,5.341483333333333,46.40632751080722,58.45135817043806
2025,12,961.9409090909091,927.38,980.18,17.774438015117354,22,447574.0,4546,24756,348010,480512,547247,932631,385384,20210.0,2.420004463080979,0.3996924832088112,559866.0,1.5725036636878251,18.870043964253902,0.479904699715107,854.7342105263158,0.12542694236911278,-2.4492935982947064e-16,1.0,18.07389523809524,14.935,33.17227272727273,57.972272727272724,5.455709090909091,53.22266707972164,64.40849742824969
