date,actual_today,actual_target,ridge,random_forest,gradient_boosting
2022-09-20,943.9612667777351,954.9903886825709,947.2518067263644,947.9915810947302,948.308943222673
2022-09-21,954.9903886825709,957.4470150900785,960.000969373619,961.4263764054299,962.2857128453563
2022-09-22,957.4470150900785,960.6128767365738,962.0194696945841,963.2645715872854,963.6824821998789
2022-09-23,960.6128767365738,961.6304751229472,964.6284465773726,966.1087694448697,966.2204569460142
2022-09-26,961.6304751229472,964.0357076725574,965.182952064928,966.5977258947833,967.1029803981725
2022-09-27,964.0357076725574,978.0235034376087,966.6887631758192,967.737622806678,968.1213658381702
2022-09-28,978.0235034376087,987.1595928425886,982.6109475933533,983.8958448848109,984.4395147441572
2022-09-29,987.1595928425886,995.3512775000876,993.1745691427195,993.7584731715815,994.5103842221943
2022-09-30,995.3512775000876,999.4573850978315,1001.71758520942,1002.4213136357085,1002.082028508687
2022-10-03,999.4573850978315,1001.9313149254721,1005.53047182527,1005.964202406194,1005.2324763583873
2022-10-04,1001.9313149254721,1010.3796313078302,1006.951907615386,1007.3990207836962,1006.9644456915654
2022-10-05,1010.3796313078302,1019.4438638298498,1015.315995747355,1016.1353288793483,1016.291182789465
2022-10-06,1019.4438638298498,1025.2129450046798,1024.9175975146568,1025.7406653720257,1026.49477908621
2022-10-07,1025.2129450046798,1034.041076339829,1030.2484919066328,1031.0783475392218,1030.6979906518745
2022-10-10,1034.041076339829,1033.2917117032407,1039.7181613541077,1040.619093448897,1039.7377624050125
2022-10-11,1033.2917117032407,1035.3960918470846,1037.6690084379306,1038.4485532403614,1038.0643319927283
2022-10-12,1035.3960918470846,1035.0573379702705,1038.205182530757,1039.115680157039,1038.064766162631
2022-10-13,1035.0573379702705,1041.0933161389542,1036.720013211743,1036.4240132981165,1036.305497752432
2022-10-14,1041.0933161389542,1043.526184890617,1042.8393866001936,1043.0908544793103,1042.788894857237
2022-10-17,1043.526184890617,1045.127566853737,1045.148949841839,1045.3684075201936,1045.3778964238015
2022-10-18,1045.127566853737,1048.2790044350056,1046.38551161354,1046.712829931166,1046.8019534305665
2022-10-19,1048.2790044350056,1049.7572031701936,1049.9107491773398,1049.9327502025228,1049.8930679092744
2022-10-20,1049.7572031701936,1049.4697756383516,1051.3174825037504,1051.4984609596809,1051.4963409794987
2022-10-21,1049.4697756383516,1047.4783134534457,1050.177308977946,1050.5141340976202,1050.5122097335604
2022-10-24,1047.4783134534457,1047.3345996875248,1047.251698130651,1047.8666715397362,1047.7235108133707
2022-10-25,1047.3345996875248,1046.677622471886,1046.90995040903,1047.1613770587194,1047.1070586683613
2022-10-26,1046.677622471886,1046.9445194657392,1046.0482057723007,1045.9290599437352,1046.1237152275673
2022-10-27,1046.9445194657392,1043.6083070425725,1046.2200554092317,1046.15221172808,1046.3014298369908
2022-10-28,1043.6083070425725,1040.0667892395186,1042.3301717385118,1042.6949243536612,1042.6483597473837
2022-10-31,1040.0667892395186,1045.2712806196587,1038.3732185524611,1039.0272759375491,1038.8307066793027
2022-11-01,1045.2712806196587,1044.7888129769237,1044.9695529077553,1044.4165434697497,1044.5492866073434
2022-11-02,1044.7888129769237,1044.306345334189,1044.7272731665207,1044.1140858450178,1044.3179884325843
2022-11-03,1044.306345334189,1042.8486771369899,1043.7544030010004,1043.4794969667007,1043.7541314877183
2022-11-04,1042.8486771369899,1048.8333289607017,1042.4778484789665,1042.0881928424358,1042.2100017709554
2022-11-07,1048.8333289607017,1049.5108367143293,1049.9826469689206,1049.5687423808108,1049.6279407703423
2022-11-08,1049.5108367143293,1049.356857679414,1050.6572082967364,1050.4779969088156,1050.6057029238818
2022-11-09,1049.356857679414,1048.4945750838876,1049.8780578178653,1050.0364974078648,1049.9428232425387
2022-11-10,1048.4945750838876,1049.2131439134928,1048.9024454860278,1048.8463763658558,1048.576174305716
2022-11-11,1049.2131439134928,1050.9377091045453,1049.6341154728268,1049.3405199319038,1049.1812492469612
2022-11-14,1050.9377091045453,1052.1900719218572,1051.3663907429661,1051.2602064040746,1051.2330815691262
2022-11-15,1052.1900719218572,1051.2661977123648,1052.5818749180426,1052.7939761534471,1052.7257743212222
2022-11-16,1051.2661977123648,1049.9522432810868,1051.386054610589,1051.3810640128456,1051.3790798996115
2022-11-17,1049.9522432810868,1050.0343654330418,1049.7368101966563,1049.5741236029628,1049.6710706621598
2022-11-18,1050.0343654330418,1049.387653486397,1049.8364594549978,1049.407029129549,1049.463858137791
2022-11-21,1049.387653486397,1048.7409415397522,1048.9466625736031,1048.5996761567,1048.7422678310113
2022-11-22,1048.7409415397522,1049.2336744514814,1048.0561534510512,1047.8515390176617,1048.0482333266425
2022-11-23,1049.2336744514814,1048.1147601310963,1048.7547702250656,1048.389432177086,1048.5350377088114
2022-11-24,1048.1147601310963,1048.679349925786,1047.602388637777,1047.332127992427,1047.5260327482672
2022-11-25,1048.679349925786,1049.9830390880697,1048.2581857835141,1047.9158421063935,1048.1080426152341
2022-11-28,1049.9830390880697,1052.302989880795,1050.0168570505705,1049.6502626176175,1049.6439521369075
2022-11-29,1052.302989880795,1052.3851120327502,1052.8880390539823,1052.9703280887575,1052.9503409002684
2022-11-30,1052.3851120327502,1056.0190172567532,1052.9284686421486,1053.0631793244654,1053.0621846038482
2022-12-01,1056.0190172567532,1055.0746125092721,1057.0411762756746,1057.319991608888,1057.1680603065
2022-12-02,1055.0746125092721,1053.2576598972705,1055.8392404927326,1055.734912229059,1055.7108291401246
2022-12-05,1053.2576598972705,1052.1387455768854,1053.1432402606988,1053.4739263251972,1053.3931765324166
2022-12-06,1052.1387455768854,1059.8787583986325,1051.7053874027088,1051.6232556334173,1051.5795941371564
2022-12-07,1059.8787583986325,1059.51947398383,1061.0313216196635,1061.0233400680238,1060.8056376918616
2022-12-08,1059.51947398383,1059.5297392528241,1060.4669717578943,1060.5072484740087,1060.5076116180812
2022-12-09,1059.5297392528241,1059.8171667846661,1059.8220975609488,1060.132850309281,1059.8663359556147
2022-12-12,1059.8171667846661,1064.4365378321281,1060.431572968586,1060.367100096495,1060.0894509955658
2022-12-13,1064.4365378321281,1061.1311212159444,1065.806384273984,1065.4774320039785,1065.5266160587178
2022-12-14,1061.1311212159444,1060.1969817374577,1061.238321319209,1061.0102169642742,1061.1966483598467
2022-12-15,1060.1969817374577,1059.1396590310385,1059.5239142378011,1059.7715603624852,1059.7389014666
2022-12-16,1059.1396590310385,1061.0797948709726,1058.6285621217783,1058.548995995778,1058.4497275497347
2022-12-19,1061.0797948709726,1060.402287117345,1060.8694080032153,1060.6759543384258,1060.5588372097602
2022-12-20,1060.402287117345,1061.182447560916,1059.7699544704528,1059.8099752997755,1060.011244976341
2022-12-21,1061.182447560916,1063.7384995405116,1060.633999228461,1060.7202335750314,1060.6734922552464
2022-12-22,1063.7384995405116,1063.892478575427,1064.0873222969035,1064.1835980596927,1064.2124589601126
2022-12-23,1063.892478575427,1064.066988148331,1064.2542247050121,1064.4661158449119,1064.4404655082942
2022-12-26,1064.066988148331,1062.3732187642618,1064.149680047026,1064.6361911136,1064.4504845382294
2022-12-27,1062.3732187642618,1063.5434594296187,1062.0519945951814,1062.2775329624499,1062.0795992112817
2022-12-28,1063.5434594296187,1063.6153163125794,1063.3546221732968,1063.3721708712587,1063.3098424833877
2022-12-29,1063.6153163125794,1063.4408067396753,1063.360132259509,1063.257875277238,1063.3072166623683
2022-12-30,1063.4408067396753,1062.4142798402393,1062.9548953507306,1063.006412030358,1063.0691015742955
2023-01-02,1062.4142798402393,1062.9994001729178,1062.0060557426912,1061.9627588011306,1062.0563805064155
2023-01-03,1062.9994001729178,1063.1328486698446,1062.8408089850534,1062.626153483064,1062.5621189855353
2023-01-04,1063.1328486698446,1063.1020528628615,1063.0704734900696,1062.8569009726687,1062.9562023191386
2023-01-05,1063.1020528628615,1059.8992889366211,1062.9249908915642,1062.771206331027,1062.877628806611
2023-01-06,1059.8992889366211,1061.7983637005777,1059.196590761067,1059.3332916005534,1059.3442216555422
2023-01-09,1061.7983637005777,1061.2132433678994,1061.5487048256944,1061.4146655231068,1061.3657380702678
2023-01-10,1061.2132433678994,1061.12085594695,1061.1321868774457,1060.7806812833321,1060.8483538143419
2023-01-11,1061.12085594695,1060.6383883042154,1060.7781126590662,1060.6278776221347,1060.8346317839082
2023-01-12,1060.6383883042154,1061.254304443877,1060.3259287868727,1060.042948516628,1060.1406310584205
2023-01-13,1061.254304443877,1059.8787583986327,1061.2542785389478,1061.05038731057,1061.0197576085236
2023-01-16,1059.8787583986327,1058.1028668626086,1059.6119651595193,1059.4952465832628,1059.6046236285538
2023-01-17,1058.1028668626086,1055.4236316550807,1057.4651352980243,1057.554608007287,1057.578440001483
2023-01-18,1055.4236316550807,1056.5117501684829,1054.4894406095004,1054.5894676267155,1054.5543166329317
2023-01-19,1056.5117501684829,1056.409097478539,1055.9705288602383,1055.923222877568,1055.882964769577
2023-01-20,1056.409097478539,1053.832514960955,1056.0374761693167,1055.7867915239874,1055.9071564313813
2023-01-23,1053.832514960955,1052.1284803078913,1052.9059981588498,1053.0045305713963,1053.1548221135938
2023-01-24,1052.1284803078913,1051.6254821271677,1051.1597376086581,1051.1434593039655,1051.1594806331748
2023-01-25,1051.6254821271677,1051.6049515891789,1051.034808299097,1050.8124385437336,1050.8274760919128
2023-01-26,1051.6049515891789,1052.8881102134737,1051.1013538297045,1050.7807821779336,1050.9365867170982
2023-01-27,1052.8881102134737,1054.664001749498,1052.6196202715419,1052.35036802917,1052.3825400340095
2023-01-30,1054.664001749498,1051.4304420162746,1055.02374132526,1054.939308346034,1054.8177195483545
2023-01-31,1051.4304420162746,1051.0711576014721,1051.237087720126,1051.173286641141,1051.3160554345725
2023-02-01,1051.0711576014721,1049.2850007964537,1050.8664468464247,1050.7436379450107,1050.7070589176005
2023-02-02,1049.2850007964537,1048.412452931933,1049.0151083733854,1048.5597481361317,1048.5807836831243
2023-02-03,1048.412452931933,1048.0531685171306,1047.8685976429726,1047.6847582806008,1047.7248117430292
2023-02-06,1048.0531685171306,1047.693884102328,1047.4593949722955,1047.119981504951,1047.2843361797507
2023-02-07,1047.693884102328,1044.1934273752513,1047.2775029244635,1047.020078512288,1047.047292681783
2023-02-08,1044.1934273752513,1044.5321812520651,1043.276614378329,1043.155859143937,1043.2853800870676
2023-02-09,1044.5321812520651,1044.4603243691045,1043.876640213175,1043.7762619081957,1043.809478534508
2023-02-10,1044.4603243691045,1042.5612496051479,1044.19024941374,1043.7309416002465,1043.837257368418
2023-02-13,1042.5612496051479,1040.7648275311349,1041.8942449379947,1041.8228241220625,1041.9256626564209
2023-02-14,1040.7648275311349,1037.202779190092,1039.8889414692187,1039.7827725529248,1039.9097961898253
2023-02-15,1037.202779190092,1038.7836306152235,1036.1327127449917,1036.0435361723871,1036.0937009734755
2023-02-16,1038.7836306152235,1038.0958575926015,1038.2197920734475,1037.9780717013064,1038.0342598864347
2023-02-17,1038.0958575926015,1036.4739450914929,1037.6705653016234,1037.242549749284,1037.4278111630754
2023-02-20,1036.4739450914929,1036.8024336993124,1035.703568903107,1035.674108225316,1035.780736612719
2023-02-21,1036.8024336993124,1033.6407308490495,1036.3935467976928,1036.1817420970547,1036.1718989263097
2023-02-22,1033.6407308490495,1033.6612613870384,1033.1061913538467,1032.8378037452676,1032.9237231808452
2023-02-23,1033.6612613870384,1036.4636798224983,1033.0409859288015,1032.9382298116973,1033.080562766891
2023-02-24,1036.4636798224983,1035.7143151859102,1036.6997980819253,1036.281441182312,1036.184312950025
2023-02-27,1035.7143151859102,1035.2318475431753,1035.905605052766,1035.5428172447928,1035.5914326757058
2023-02-28,1035.2318475431753,1036.2686397116056,1035.1535696665994,1034.8599756410265,1034.9412909062144
2023-03-01,1036.2686397116056,1037.6749815638327,1036.6943618283713,1036.4087374371445,1036.4222048541749
2023-03-02,1037.6749815638327,1038.8862833051671,1038.3638887533875,1038.4807129622054,1038.5061518451907
2023-03-03,1038.8862833051671,1039.3482204099132,1039.5712878795646,1039.7703679866515,1039.6926805975309
2023-03-06,1039.3482204099132,1040.3028904263888,1040.0298933226745,1040.2568328743512,1040.2530614093387
2023-03-07,1040.3028904263888,1040.8880107590671,1041.0778916174788,1041.2767392495127,1041.1126636973247
2023-03-08,1040.8880107590671,1041.401274208785,1041.6526966989788,1041.8132241441062,1041.711163622878
2023-03-09,1041.401274208785,1040.7956233381178,1041.9792196994908,1042.342397614653,1042.2197803153028
2023-03-10,1040.7956233381178,1044.3166106031833,1041.0220731631025,1040.971872592319,1040.9825155710507
2023-03-13,1044.3166106031833,1045.3328722336248,1045.1934805420785,1045.1849585115808,1044.9866907986057
2023-03-14,1045.3328722336248,1047.6322924883614,1046.4056746870979,1046.2746515762885,1046.3798850332757
2023-03-15,1047.6322924883614,1047.4988439914346,1048.822283803304,1049.0052455206167,1049.1789661661342
2023-03-16,1047.4988439914346,1047.8991894822148,1048.5607742457105,1048.5870550335087,1048.5817080607974
2023-03-17,1047.8991894822148,1048.4997077183846,1048.711355289669,1048.864210301136,1048.6451138936811
2023-03-20,1048.4997077183846,1049.1002259545546,1049.161427605681,1049.47235029887,1049.2296120318388
2023-03-21,1049.1002259545546,1049.4389798313682,1049.580498486456,1049.8899084007676,1049.7204171493313
2023-03-22,1049.4389798313682,1050.5270983447701,1049.7733763380168,1049.9091008508522,1049.7971649857534
2023-03-23,1050.5270983447701,1052.2311329978338,1050.9968995951504,1051.4743787100595,1051.2499980366704
2023-03-24,1052.2311329978338,1053.4527000081628,1053.0270830768773,1053.269034417928,1053.198606675193
2023-03-27,1053.4527000081628,1054.3149826036888,1054.3373541463777,1054.5090230270193,1054.5714237507912
2023-03-28,1054.3149826036888,1058.7803746162353,1055.2026058468869,1055.4372323202385,1055.3636168902315
2023-03-29,1058.7803746162353,1058.913823113162,1060.468210564821,1060.3286456777225,1060.441722304408
2023-03-30,1058.913823113162,1063.132848669844,1060.4476584609354,1060.287789704789,1060.5029083727327
2023-03-31,1063.132848669844,1062.8762169449851,1064.9923925344835,1064.6416940829988,1064.5054719553561
2023-04-03,1062.8762169449851,1064.3544156801725,1064.3425544789945,1064.0667512696705,1064.243474997123
2023-04-04,1064.3544156801725,1067.7624849863,1065.4676217255462,1065.3085620444322,1065.1432518280542
2023-04-05,1067.7624849863,1068.5289584045456,1069.295825934425,1069.2707762852124,1069.367116185263
2023-04-06,1068.5289584045456,1069.2954318227912,1069.8164719229123,1069.7523815808129,1069.882755592092
2023-04-07,1069.2954318227912,1070.0619052410366,1070.1380600180946,1070.3522439243472,1070.3091308461087
2023-04-10,1070.0619052410366,1076.4469025555281,1070.8747434176591,1070.9764286596123,1070.9312881919543
2023-04-11,1076.4469025555281,1080.8199071471256,1078.369090802863,1078.126179293612,1078.0689574146845
2023-04-12,1080.8199071471256,1083.0166747119183,1083.350946925344,1082.868038970832,1082.7529279177743
2023-04-13,1083.0166747119183,1086.5376619769836,1085.3676165295692,1085.1293911410173,1085.0108497028457
2023-04-14,1086.5376619769836,1087.718167911335,1089.1715890144822,1088.9849776503202,1089.1393860503406
2023-04-17,1087.718167911335,1090.6437695747275,1090.1055021169968,1090.921735757941,1090.849185940881
2023-04-18,1090.6437695747275,1094.5548370615784,1092.6433936132382,1092.274773837489,1092.5000937410073
2023-04-19,1094.5548370615784,1095.7148124579412,1096.7450189728197,1096.2549048972733,1096.5101862807874
2023-04-20,1095.7148124579412,1097.593356683909,1097.5247167612074,1097.2632721726434,1097.5549500411516
2023-04-21,1097.593356683909,1098.0142327126778,1099.108070698676,1099.0913798630295,1099.2626103281038
2023-04-24,1098.0142327126778,1101.196466100929,1099.227253920467,1099.0710877264814,1099.210551395945
2023-04-25,1101.196466100929,1106.4830796330243,1102.4804587149986,1102.459177943476,1102.4273328910467
2023-04-26,1106.4830796330243,1108.6593166598284,1108.5522567879045,1108.2727003048954,1108.4582243276623
2023-04-27,1108.6593166598284,1111.9544680070178,1110.7430006580516,1110.4259151859467,1110.6137966758833
2023-04-28,1111.9544680070178,1113.7149616395504,1114.1322036332238,1113.7975694298293,1113.9024021560592
2023-05-01,1113.7149616395504,1115.4754552720833,1116.3041553939188,1115.7903104429201,1115.9654951806851
2023-05-02,1115.4754552720833,1117.4874479949776,1117.666062253873,1117.1755956885124,1117.4145494212394
2023-05-03,1117.4874479949776,1120.1050915885396,1119.3945819537591,1119.1258846589828,1119.440494281983
2023-05-04,1120.1050915885396,1125.5559494245445,1122.041823838722,1121.8097959843387,1122.0710280139601
2023-05-05,1125.5559494245445,1131.0068072605493,1128.191402340608,1127.6488757621821,1127.8598913966075
2023-05-08,1131.0068072605493,1133.7168382750601,1134.426215513235,1134.0302464414233,1134.1546256991282
2023-05-09,1133.7168382750601,1137.514987802973,1137.0445928062227,1136.5809754941517,1136.9597248711045
2023-05-10,1137.514987802973,1138.2438219015726,1140.9139587761647,1142.3772084337622,1142.7344368975143
2023-05-11,1138.2438219015726,1138.2643524395614,1141.1144675936862,1140.9086974029315,1141.1351142130943
2023-05-12,1138.2643524395614,1141.4876469037904,1140.0478968172993,1139.7856314280248,1139.5340046655328
2023-05-15,1141.4876469037904,1148.6220088548705,1143.2527326877694,1142.9794814877646,1142.6024056931342
2023-05-16,1148.6220088548705,1149.699862099278,1151.5257069165098,1150.746639646738,1150.8289432427187
2023-05-17,1149.699862099278,1150.0899423210635,1152.2215398681544,1151.7202417958827,1151.8492834839549
2023-05-18,1150.0899423210635,1150.7674500746914,1151.9347042091756,1151.7320632453338,1151.9503621540018
2023-05-19,1150.7674500746914,1154.5142732576328,1152.4990250929275,1152.1637888581974,1151.8929770552065
2023-05-22,1154.5142732576328,1156.0437983377924,1156.4544113034683,1156.042949691878,1155.8221109770698
2023-05-23,1156.0437983377924,1159.893274210677,1157.646256558677,1157.6020259395577,1157.7971735216274
2023-05-24,1159.893274210677,1161.874471126588,1161.7762030738547,1161.6356410213634,1161.9027867641516
2023-05-25,1161.874471126588,1162.3466735003285,1164.0502098266065,1163.7874660198006,1163.9926029614182
2023-05-26,1162.3466735003285,1164.6974201000369,1164.0870758884864,1163.7969780750243,1163.8804526416925
2023-05-29,1164.6974201000369,1169.9429725561547,1166.4004646526178,1166.1936823310714,1166.1482806377467
2023-05-30,1169.9429725561547,1177.5598021499698,1172.407214914403,1171.7952490385833,1171.8499063439574
2023-05-31,1177.5598021499698,1177.4366189220373,1181.2220904641722,1180.1934954670332,1180.2667401968465
2023-06-01,1177.4366189220373,1180.2595678954863,1180.478778064553,1179.805015081681,1179.6288981417185
2023-06-02,1180.2595678954863,1187.2194202736619,1183.0855302601276,1182.6563488943557,1181.908683382985
2023-06-05,1187.2194202736619,1190.9970392635862,1191.1874251232541,1192.5140007626378,1192.722539281971
2023-06-06,1190.9970392635862,1199.9380885576736,1194.8287231361326,1196.4884330135492,1196.602252313234
2023-06-07,1199.9380885576736,1201.6729190177202,1204.4492047225126,1206.1752610589901,1206.6618369933926
2023-06-08,1201.6729190177202,1203.695177009609,1206.0413649662678,1207.5139956607188,1207.6854878935483
2023-06-09,1203.695177009609,1209.2589528045519,1207.222089821421,1208.3500610197286,1208.0528016484946
2023-06-12,1209.2589528045519,1215.7260722709982,1213.0888430848133,1214.1814739160682,1214.7471265505283
2023-06-13,1215.7260722709982,1227.9314771052918,1219.9886294452804,1221.524733390482,1221.8510749680597
2023-06-14,1227.9314771052918,1231.5140559843232,1233.6283136286359,1234.5145253935564,1234.9875247480625
2023-06-15,1231.5140559843232,1229.337818957519,1237.1750448677756,1238.4594312078077,1238.4815851134897
2023-06-16,1229.337818957519,1231.2060979144926,1232.9980988107197,1234.7400261041519,1234.0642993661586
2023-06-19,1231.2060979144926,1238.5560305144538,1234.1432524449626,1235.3911070438553,1235.0670809445517
2023-06-20,1238.5560305144538,1246.8093067859188,1242.1132113663368,1243.3391802823426,1243.3236982088388
2023-06-21,1246.8093067859188,1248.1951181001575,1250.8335125050617,1249.842342121951,1249.8858819484547
2023-06-22,1248.1951181001575,1248.3901582110502,1251.500645471834,1251.0428304202899,1251.0656524869894
2023-06-23,1248.3901582110502,1248.667320473898,1251.0576703840725,1251.1490616697529,1251.0910642898834
2023-06-26,1248.667320473898,1257.331207505137,1250.8269636349305,1250.4558270896184,1249.816430861277
2023-06-27,1257.331207505137,1263.0694928729843,1260.417977433477,1259.669846559206,1259.0652202603223
2023-06-28,1263.0694928729843,1262.9257791070631,1266.5958648373219,1265.768659138878,1265.784620825088
2023-06-29,1262.9257791070631,1261.8992522076271,1265.4616213417821,1265.0360715199809,1265.0433591086098
2023-06-30,1261.8992522076271,1267.7915166103896,1263.7282117742811,1263.3018715442765,1262.7733483438267
2023-07-03,1267.7915166103896,1279.042251428208,1270.1269231170807,1269.9822377043793,1269.1684626364543
2023-07-04,1279.042251428208,1284.729210451083,1283.134651279507,1284.9363081401477,1285.3499966227225
2023-07-05,1284.729210451083,1281.783078249702,1289.017576071489,1290.948716527769,1291.7273818157191
2023-07-06,1281.783078249702,1281.988383629589,1284.4503053985397,1284.556524411604,1283.9773735503134
2023-07-07,1281.988383629589,1276.4656689106237,1284.052235392563,1284.107487230761,1283.4163904293066
2023-07-10,1276.4656689106237,1273.909616931028,1276.7481130932363,1276.7377286698068,1276.241399849956
2023-07-11,1273.909616931028,1279.3810053050215,1272.5270879681143,1273.1030433246985,1272.9894726011357
2023-07-12,1279.3810053050215,1278.108111949721,1278.9274259864019,1278.6202720481485,1278.4154485199174
2023-07-13,1278.108111949721,1279.2886178840722,1277.67172328165,1277.5189250438893,1277.5236751207165
2023-07-14,1279.2886178840722,1275.9216096539224,1278.755295406141,1279.2724658476106,1279.1268455504173
2023-07-17,1275.9216096539224,1276.773626980454,1275.3386649925546,1275.3430832140727,1275.4466692305011
2023-07-18,1276.773626980454,1275.9113443849278,1276.3769180101876,1276.6763672221434,1276.586058826626
2023-07-19,1275.9113443849278,1276.7633617114598,1275.3866514174802,1275.1032722041766,1275.118068778014
2023-07-20,1276.7633617114598,1274.0635959659433,1276.3101061992834,1276.0847483201296,1276.0486290083145
2023-07-21,1274.0635959659433,1269.3621027665265,1273.1501850942645,1273.2679245815045,1273.2923025636478
2023-07-24,1269.3621027665265,1269.2389195385942,1267.8391711962863,1268.3903111944421,1268.112122387831
2023-07-25,1269.2389195385942,1269.813774602278,1268.0244505864641,1268.0259568113179,1267.8535877032875
2023-07-26,1269.813774602278,1271.3432996824376,1269.0742346348004,1268.8814425057471,1268.5900786559332
2023-07-27,1271.3432996824376,1270.66579192881,1270.8527483324851,1270.6067006205587,1270.591005045375
2023-07-28,1270.66579192881,1263.644347936668,1270.2055742050334,1270.0284624400065,1270.081253637424
2023-07-31,1263.644347936668,1261.6426204827678,1262.2818705171553,1262.5661879684449,1262.5141209778278
2023-08-01,1261.6426204827678,1260.3491965894784,1260.2325395317455,1260.4042660150483,1260.362126168
2023-08-02,1260.3491965894784,1259.9180552917155,1259.2888078517592,1258.9239368805781,1258.7684537181824
2023-08-03,1259.9180552917155,1260.985643267129,1258.6947274864863,1258.4229374101478,1258.3155083790432
2023-08-04,1260.985643267129,1255.329480051237,1260.0583742247177,1259.6961399671,1259.6897115468248
2023-08-07,1255.329480051237,1254.8778082154854,1253.9950115179374,1254.0876803470537,1254.106731610729
2023-08-08,1254.8778082154854,1254.3029531518014,1253.7153502056103,1253.7706845120942,1253.8108496408101
2023-08-09,1254.3029531518014,1255.0625830573838,1253.7205072869247,1253.143580433914,1253.1303962744491
2023-08-10,1255.0625830573838,1254.0565866959366,1254.6135401356316,1254.1227455487501,1254.209184626978
2023-08-11,1254.0565866959366,1253.584384322196,1253.3716302679888,1252.972955105052,1253.1953800888577
2023-08-14,1253.584384322196,1253.5946495911903,1253.2026530543212,1252.9191317006687,1253.0151154362045
2023-08-15,1253.5946495911903,1254.1079130409082,1253.4572250477484,1252.84380258278,1252.8922715163283
2023-08-16,1254.1079130409082,1256.2328237227407,1254.126874074124,1253.3815880372033,1253.4457553456707
2023-08-17,1256.2328237227407,1255.575846507102,1256.6681697933363,1256.4976684297526,1256.2187438463768
2023-08-18,1255.575846507102,1253.2866915213597,1255.8955666955096,1255.519734465375,1255.4426072337885
2023-08-21,1253.2866915213597,1256.694760827487,1253.0825116167773,1252.7281517499687,1252.811768330527
2023-08-22,1256.694760827487,1255.5861117760965,1257.2065668245352,1257.1140223686289,1256.944063130892
2023-08-23,1255.5861117760965,1255.8735393079385,1255.9580445563831,1255.1537578188572,1255.2798218607993
2023-08-24,1255.8735393079385,1258.4911829014998,1255.798514967415,1255.2885470217627,1255.4822048472186
2023-08-25,1258.4911829014998,1260.5339714313775,1259.1669845217434,1258.9359090040912,1258.612876846349
2023-08-28,1260.5339714313775,1263.9420407375048,1261.7250466240632,1261.5498291239114,1261.3602356207118
2023-08-29,1263.9420407375048,1269.9369578302108,1265.496896324483,1265.8279216140525,1265.6885616246125
2023-08-30,1269.9369578302108,1270.9429541916581,1272.663431119698,1272.6691680038236,1272.2708153213243
2023-08-31,1270.9429541916581,1272.2671738919305,1273.5193324763366,1273.2403328524938,1273.0498392022596
2023-09-01,1272.2671738919305,1282.4708512723237,1274.0265569192193,1274.122553650223,1273.975767183343
2023-09-04,1282.4708512723237,1291.3708394904334,1286.0725329434015,1287.1132545317541,1287.1054133361763
2023-09-05,1291.3708394904334,1300.660907930329,1296.3286915055803,1298.406821169541,1299.3295627414393
2023-09-06,1300.660907930329,1309.2118770026307,1306.2898187783096,1307.9652744081027,1307.7097937753017
2023-09-07,1309.2118770026307,1317.2803784321973,1315.760235465771,1317.094410143457,1316.8469189558305
2023-09-08,1317.2803784321973,1335.4088434762364,1324.2897494179529,1324.9608919473455,1324.964645282429
2023-09-11,1335.4088434762364,1343.9187514725604,1344.5762499655123,1344.8945955255404,1344.7865709349398
2023-09-12,1343.9187514725604,1363.4185074160466,1353.0470838109595,1353.1551984958355,1353.340476188173
2023-09-13,1363.4185074160466,1380.837409675454,1374.0528868077245,1374.0596244408157,1374.5255708380241
2023-09-14,1380.837409675454,1387.4038573419166,1393.6320603032866,1391.7611060981,1392.5715108195286
2023-09-15,1387.4038573419166,1389.7657423940395,1398.363159234165,1398.4899816899226,1399.2775724185503
2023-09-18,1389.7657423940395,1392.96243164562,1397.5876415976313,1397.6678767851886,1396.6914772730686
2023-09-19,1392.96243164562,1408.9662389815571,1398.8307224386378,1398.5574682135757,1398.5464624256024
2023-09-20,1408.9662389815571,1423.0561049821529,1415.6437997235407,1416.0536767548458,1416.593407376365
2023-09-21,1423.0561049821529,1421.8649819170737,1430.6626109713984,1432.040595104599,1431.964460185081
2023-09-22,1421.8649819170737,1436.4740554075759,1426.8156347164404,1428.6822165593792,1428.1084539767708
2023-09-25,1436.4740554075759,1442.4500318110079,1442.9374931928942,1443.4014090900935,1441.4699565998078
2023-09-26,1442.4500318110079,1460.1845307799663,1449.5486949731508,1449.9727238802852,1450.542407963999
2023-09-27,1460.1845307799663,1467.9726431285615,1468.0171809370597,1469.2465739261588,1467.3582933124228
2023-09-28,1467.9726431285615,1477.2674752517867,1475.7755803728785,1477.1589350682698,1477.318066060573
2023-09-29,1477.2674752517867,1495.9284032713622,1484.915651033918,1485.6157837956534,1484.7784536213949
2023-10-02,1495.9284032713622,1498.0866775431298,1505.7717599917685,1506.711060716251,1506.1607186377619
2023-10-03,1498.0866775431298,1516.0044262144079,1506.0938685812766,1506.2372845539435,1506.3549684448199
2023-10-04,1516.0044262144079,1526.561645175837,1524.44028222637,1524.5336647949173,1522.482197333672
2023-10-05,1526.561645175837,1520.6060298504406,1535.9463156827715,1536.532762731423,1536.5843565316156
2023-10-06,1520.6060298504406,1525.2788972595977,1525.4414636340935,1526.8750488238325,1525.6162635470864
2023-10-09,1525.2788972595977,1528.7402805256404,1528.3050047452018,1530.0628605655418,1527.6307480704338
2023-10-10,1528.7402805256404,1540.0304982963492,1531.653533144244,1533.7567354143657,1533.0464781607682
2023-10-11,1540.0304982963492,1551.2494522939332,1543.1553202520452,1543.3334870571794,1542.6330904791412
2023-10-12,1551.2494522939332,1550.6182588748313,1555.7739608818638,1556.4892146056532,1556.8856819776913
2023-10-13,1550.6182588748313,1560.2388682466255,1554.1316665680376,1556.7679101043964,1555.6176387701614
2023-10-16,1560.2388682466255,1565.3291377555117,1564.523202949786,1565.4066798681247,1563.681473024175
2023-10-17,1565.3291377555117,1566.4693581255021,1570.1598176612792,1572.3651577382414,1571.8273536120132
2023-10-18,1566.4693581255021,1565.9196090185426,1569.1738510763194,1572.1365365427705,1571.6862145689843
2023-10-19,1565.9196090185426,1567.7419255027237,1567.0429787672747,1567.355986521314,1566.9711003637926
2023-10-20,1567.7419255027237,1570.2666991791311,1568.6301800416632,1568.7761430995101,1568.0251958685753
2023-10-23,1570.2666991791311,1569.1468398871762,1570.7717675471213,1571.375960361617,1571.1557761212532
2023-10-24,1569.1468398871762,1573.076527948036,1568.6384442688225,1569.7403507078352,1569.7624962452112
2023-10-25,1573.076527948036,1570.4703099594865,1573.0464229200365,1573.8963877440817,1573.5482969858688
2023-10-26,1570.4703099594865,1559.0273841035114,1569.9914976040843,1570.6145032918232,1570.5248409464323
2023-10-27,1559.0273841035114,1576.4055642068477,1556.0667958954937,1557.5356946448678,1557.4906683540485
2023-10-30,1576.4055642068477,1584.4481900308872,1577.0196215312096,1577.5367655381363,1577.0690319238936
2023-10-31,1584.4481900308872,1586.3723119052459,1587.8652002852837,1587.1883714780618,1586.9950962119312
2023-11-01,1586.3723119052459,1585.1557374926222,1588.0983819404744,1589.563099512542,1588.9765679549741
2023-11-02,1585.1557374926222,1583.9391630799983,1586.5663160989618,1587.3596880222785,1587.4423448887817
2023-11-03,1583.9391630799983,1583.857718767856,1585.0385865308995,1585.6984894066725,1584.8557462600143
2023-11-06,1583.857718767856,1581.9132358154618,1583.575051172082,1584.0576759021512,1583.4562493136652
2023-11-07,1581.9132358154618,1575.5198573123014,1580.325122010081,1580.663565066272,1580.8157149691406
2023-11-08,1575.5198573123014,1577.9835477546021,1572.4896550431838,1573.6450117547035,1573.575749655592
2023-11-09,1577.9835477546021,1575.6929264756036,1575.7595662555634,1576.5404992219346,1576.5094547541366
2023-11-10,1575.6929264756036,1570.5212126545755,1573.7511390427883,1574.2066782559175,1574.887536832617
2023-11-13,1570.5212126545755,1569.0246734189632,1567.2067746303278,1568.6112422823687,1568.5045651930018
2023-11-14,1569.0246734189632,1560.9209643608167,1566.0025998333276,1566.9750102978408,1566.6403086819673
2023-11-15,1560.9209643608167,1563.5984461224905,1557.4474051166317,1558.5550997893863,1558.4441032037291
2023-11-16,1563.5984461224905,1562.3462398233048,1560.727055765293,1561.4750656591716,1561.4996072768674
2023-11-17,1562.3462398233048,1560.1370628564482,1560.0577643252338,1560.305206024349,1560.3557918478687
2023-11-20,1560.1370628564482,1557.9278858895918,1557.533980336096,1558.4555209300192,1558.6094769857857
2023-11-21,1557.9278858895918,1550.8320501942048,1555.3883999934776,1556.031464726094,1555.9319573109801
2023-11-22,1550.8320501942048,1551.0254804355425,1547.9066175263918,1548.8451048015759,1548.6915845808617
2023-11-23,1551.0254804355425,1548.0018603472643,1548.2972691170578,1548.9588320254015,1548.8845923652743
2023-11-24,1548.0018603472643,1536.955975512982,1545.4326070443906,1545.7518609539084,1545.5390423506324
2023-11-27,1536.955975512982,1527.0503110486902,1532.6678812125406,1532.661739969829,1532.4755088848442
2023-11-28,1527.0503110486902,1529.0864188522446,1521.6899636637484,1522.1964113033239,1522.2931771043438
2023-11-29,1529.0864188522446,1528.9540718450135,1525.6864605563899,1525.636302022581,1526.2938442385855
2023-11-30,1528.9540718450135,1522.1432912421246,1526.2705830841471,1525.8277951747968,1526.1892773007557
2023-12-01,1522.1432912421246,1514.8438447663823,1518.0736204270052,1518.206250436397,1518.1557599419539
2023-12-04,1514.8438447663823,1514.0701238010317,1510.5702613052772,1510.665908010092,1510.0652252351163
2023-12-05,1514.0701238010317,1498.229205089379,1511.278377087582,1511.1695994080958,1510.7565527874701
2023-12-06,1498.229205089379,1499.0843703668716,1493.2747019049295,1493.341315209048,1493.4338486457832
2023-12-07,1499.0843703668716,1503.6248907687977,1494.2981861816213,1495.2379080911298,1495.7525491061933
2023-12-08,1503.6248907687977,1490.6548840601565,1501.5920449339958,1501.0677294964357,1501.2239839059475
2023-12-11,1490.6548840601565,1485.2184762246666,1486.6355374558373,1486.515339705037,1487.4802773179217
2023-12-12,1485.2184762246666,1474.5899934901129,1480.2661886701671,1481.1686638284866,1481.734620823161
2023-12-13,1474.5899934901129,1476.055991108672,1470.1209918678758,1469.7293868633094,1469.30825697528
2023-12-14,1476.055991108672,1475.8829219453698,1472.450965316361,1472.4041147666558,1472.5039250244083
2023-12-15,1475.8829219453698,1477.1758504006266,1472.7534818265294,1472.4947229264214,1472.534149495478
2023-12-18,1477.1758504006266,1470.029112010151,1474.8389787113795,1475.7312173307675,1475.6255930516002
2023-12-19,1470.029112010151,1460.6222939577299,1467.120049570049,1467.4895606429393,1467.57663156314
2023-12-20,1460.6222939577299,1444.3130704512598,1457.0349679678802,1457.354658031601,1458.1104014816779
2023-12-21,1444.3130704512598,1441.533783299408,1438.6526968882472,1439.538222427175,1439.2645942450936
2023-12-22,1441.533783299408,1439.9914316382153,1436.1221878170427,1436.6727111806704,1436.4038463186191
2023-12-25,1439.9914316382153,1438.449079977023,1435.6164835361826,1435.324780028914,1435.8676032747833
2023-12-26,1438.449079977023,1435.232029647407,1434.205883621135,1434.4391577837953,1434.240665417552
2023-12-27,1435.232029647407,1431.933535005649,1431.3532309204934,1431.5020773497831,1431.4714150904383
2023-12-28,1431.933535005649,1431.8215490764537,1428.9851428940462,1429.161882926319,1428.813555486946
2023-12-29,1431.8215490764537,1435.328744768076,1429.7338755969151,1429.6561126781087,1429.5944313781297
2024-01-01,1435.328744768076,1438.8359404596981,1434.2780225022389,1434.4437627602142,1434.3144297615402
2024-01-02,1438.8359404596981,1423.8094648694673,1438.7317727025793,1439.400221938832,1439.5633907484887
2024-01-03,1423.8094648694673,1410.7172916926131,1420.9717206676244,1421.3431055880942,1422.1804699395354
2024-01-04,1410.7172916926131,1411.4604710409105,1405.8081413245611,1406.2200388963608,1406.9540002274364
2024-01-05,1411.4604710409105,1406.5941733904158,1408.0506877457588,1407.5975066764665,1407.6069098480693
2024-01-08,1406.5941733904158,1393.929582852308,1402.8726608870968,1402.4417171095938,1402.740955648434
2024-01-09,1393.929582852308,1384.0544600050696,1387.3784196055649,1389.5340589916232,1389.4411168490697
2024-01-10,1384.0544600050696,1378.862385106006,1377.4537240970576,1379.2011184761332,1378.4795100397919
2024-01-11,1378.862385106006,1369.5064697486737,1373.742342802211,1373.9372907956508,1373.38199694555
2024-01-12,1369.5064697486737,1356.434657649855,1363.6655738565257,1364.834853452302,1364.7860945087934
2024-01-15,1356.434657649855,1354.154216909874,1349.0468662629253,1351.7073951016591,1351.5337066885638
2024-01-16,1354.154216909874,1335.119627264001,1348.2541805165322,1349.3359876110658,1349.0172599069672
2024-01-17,1335.119627264001,1333.2358067168186,1328.067233721565,1330.184526080654,1330.3752342390858
2024-01-18,1333.2358067168186,1327.0650215730745,1326.6346030511559,1328.4588451657048,1328.957968022092
2024-01-19,1327.0650215730745,1321.4950224416752,1321.7659821426887,1322.3012562399858,1321.9486635429994
2024-01-22,1321.4950224416752,1318.806759606777,1316.304103021995,1316.7309784342567,1316.6689499202296
2024-01-23,1318.806759606777,1313.5218792608973,1314.2125684733269,1315.0287430974788,1315.6170309055212
2024-01-24,1313.5218792608973,1310.8234336122302,1309.8433911008344,1309.817388796622,1310.3100985210738
2024-01-25,1310.8234336122302,1315.762098289979,1307.4069997341292,1307.2446150783148,1307.4100103152732
2024-01-26,1315.762098289979,1311.302025859352,1314.2238665567654,1314.1897856381502,1314.1062712068106
2024-01-29,1311.302025859352,1305.915317375787,1309.6482018529025,1309.553923954487,1310.1515010954113
2024-01-30,1305.915317375787,1305.070143832997,1303.1422988440656,1303.3427254124358,1303.4161716781425
2024-01-31,1305.070143832997,1295.427019194176,1303.238050509743,1302.9966099014573,1303.7732158673248
2024-02-01,1295.427019194176,1297.7690663609435,1292.7490895061226,1291.6629952531687,1291.788124856683
2024-02-02,1297.7690663609435,1304.0314968286043,1295.2659423513337,1294.9958473578197,1295.2801519339437
2024-02-05,1304.0314968286043,1310.2939272962653,1303.7403002147746,1304.1133930716246,1303.6067943120659
2024-02-06,1310.2939272962653,1320.6396660851167,1311.5127071895974,1312.2620012685843,1312.4242171547107
2024-02-07,1320.6396660851167,1313.0738354550806,1324.1143569672088,1324.4095233100647,1324.651186731412
2024-02-08,1313.0738354550806,1318.7456627241654,1315.0725800644645,1314.5102983368517,1314.5105544944488
2024-02-09,1318.7456627241654,1315.1002153950233,1320.6954842653518,1320.7925446835513,1320.5712548711012
2024-02-12,1315.1002153950233,1320.5989348300425,1316.2402800874402,1315.6219512583864,1315.2969786200347
2024-02-13,1320.5989348300425,1330.272607910169,1321.2709371226083,1321.60116768991,1321.3464158553206
2024-02-14,1330.272607910169,1329.3459718572306,1332.7329023734824,1332.6872882161608,1332.3866370992093
2024-02-15,1329.3459718572306,1329.7532844079728,1331.3349843138342,1331.2193076810936,1331.5980793688834
2024-02-16,1329.7532844079728,1337.0543618800264,1330.7684971132733,1331.040673011345,1330.969119020598
2024-02-19,1337.0543618800264,1343.5204486230584,1339.6279969219556,1340.9615890892421,1340.613943520899
2024-02-20,1343.5204486230584,1348.326736721816,1346.7800227612013,1348.8408511699272,1349.217096976079
2024-02-21,1348.326736721816,1352.3794966017003,1351.1641448087742,1350.9607307855288,1351.1146120967142
2024-02-22,1352.3794966017003,1350.9029886052601,1355.54422342103,1358.160488573346,1358.607851475118
2024-02-23,1350.9029886052601,1355.4954376148778,1352.9051950912765,1353.4378395359972,1353.5698537089095
2024-02-26,1355.4954376148778,1351.809259030661,1357.3159776874531,1357.1433211865167,1356.894796751308
2024-02-27,1351.809259030661,1350.5669557508975,1352.047440509954,1352.3945677399026,1352.203560396353
2024-02-28,1350.5669557508975,1352.0230981198008,1349.4378354593835,1350.617112603856,1350.4595959183614
2024-02-29,1352.0230981198008,1353.4283264198614,1351.3041096766656,1351.3947064436077,1351.1928806941635
2024-03-01,1353.4283264198614,1355.0168453677559,1352.8976766775932,1353.5450017552248,1353.2707365058332
2024-03-04,1355.0168453677559,1348.0518007500646,1354.396321372866,1355.34990396003,1355.4002176766246
2024-03-05,1348.0518007500646,1346.5651099398558,1346.2162552041573,1347.267252982143,1347.2489525424203
2024-03-06,1346.5651099398558,1347.8277788471562,1344.577827986831,1345.7315310031718,1345.5465176619039
2024-03-07,1347.8277788471562,1349.5690400015787,1346.671790479661,1346.9600294720387,1346.6592794806832
2024-03-08,1349.5690400015787,1339.0603761924308,1348.670454784201,1348.9999593967607,1348.9758195552695
2024-03-11,1339.0603761924308,1331.494545562395,1335.9783442342966,1337.1439541449313,1337.409215974975
2024-03-12,1331.494545562395,1330.374436047854,1327.6352223609576,1328.518293585845,1328.5432832248255
2024-03-13,1330.374436047854,1330.6799204609106,1327.6006463387764,1328.104390251135,1328.4731688362185
2024-03-14,1330.6799204609106,1332.7877629110014,1328.3726794826298,1328.5862178614004,1328.3957948736227
2024-03-15,1332.7877629110014,1330.3642532340855,1330.6917629590557,1330.9948518994622,1330.9282731333492
2024-03-18,1330.3642532340855,1327.9407435571695,1328.5388550643108,1329.3317558185397,1329.268905532352
2024-03-19,1327.9407435571695,1329.2746921608505,1326.4509312242142,1327.2202914747506,1327.1274384759695
2024-03-20,1329.2746921608505,1331.9018581131375,1328.52918066776,1328.5256594038324,1328.280042148141
2024-03-21,1331.9018581131375,1329.7532844079724,1331.8173731891989,1331.892998167782,1331.6631652003941
2024-03-22,1329.7532844079724,1321.7088615308144,1328.9433373815282,1329.1093305601896,1329.3106618635834
2024-03-25,1321.7088615308144,1308.4712036316937,1319.529579689497,1320.1374166890146,1320.6962460686423
2024-03-26,1308.4712036316937,1308.6341286519907,1304.4663143117687,1304.3772511049992,1304.2612411697257
2024-03-27,1308.6341286519907,1308.8242078423373,1305.2912763945187,1305.427615985697,1305.4486010769824
2024-03-28,1308.8242078423373,1309.0142870326833,1306.2913516481715,1306.1229759444805,1306.21338033239
2024-03-29,1309.0142870326833,1309.2043662230299,1306.3575111260827,1306.7098002389916,1306.3314098614107
2024-04-01,1309.2043662230299,1305.6301985902674,1306.7470866053598,1308.0179365623578,1307.6361664739622
2024-04-02,1305.6301985902674,1303.328882678574,1303.742144571421,1304.9474474022777,1304.6048319223542
2024-04-03,1303.328882678574,1302.1782247227272,1301.3224843153141,1302.2448777148848,1301.994828484098
2024-04-04,1302.1782247227272,1301.027566766881,1300.2644296758012,1300.9092979178247,1300.6304950110696
2024-04-05,1301.027566766881,1291.1400545976146,1299.0543175636378,1299.6328503357652,1299.5040339998536
2024-04-08,1291.1400545976146,1291.6695609135793,1287.574531931773,1288.2690528064109,1288.602784906993
2024-04-09,1291.6695609135793,1292.820218869426,1288.6875259416445,1289.3167176140096,1290.067884828706
2024-04-10,1292.820218869426,1286.5985196568392,1291.0589593848276,1291.3591684037385,1291.2754110609626
2024-04-11,1286.5985196568392,1279.8065828732135,1283.6169828824434,1283.8251332485202,1284.298383405111
2024-04-12,1279.8065828732135,1278.177332670245,1275.758709350013,1276.4919495188776,1276.5529037959675
2024-04-15,1278.177332670245,1274.155121231666,1275.2098841777317,1275.3848105177706,1275.25670946937
2024-04-16,1274.155121231666,1271.762159996056,1271.1643431629207,1271.2582351022452,1271.3984501329246
2024-04-17,1271.762159996056,1269.6645003597334,1268.296465203841,1268.5311457545886,1268.4891698441586
2024-04-18,1269.6645003597334,1265.4793639008578,1266.6103283858179,1266.5251560368176,1266.5287120671196
2024-04-19,1265.4793639008578,1263.259510499313,1262.4952400831814,1262.2261397432658,1262.328513095212
2024-04-22,1263.259510499313,1262.2208634949204,1260.4212409097224,1260.402375678399,1260.8743281127902
2024-04-23,1262.2208634949204,1264.0537699732602,1259.8780505036393,1259.7920070083865,1259.9031670759796
2024-04-24,1264.0537699732602,1264.6240075442995,1262.45345662935,1262.9823996757123,1262.9479739835192
2024-04-25,1264.6240075442995,1262.7809182521908,1263.4493006466626,1264.289093438234,1264.1384454464712
2024-04-26,1262.7809182521908,1262.597627604357,1261.4713627713693,1262.3756876585558,1262.4566483408528
2024-04-29,1262.597627604357,1263.9621246493434,1261.4743155531182,1262.0315757316225,1261.865496271162
2024-04-30,1263.9621246493434,1261.8390079785997,1263.3513916724687,1263.5448401545675,1263.337626976084
2024-05-01,1261.8390079785997,1259.715891307856,1260.738682726591,1261.3644733307078,1261.3461062989434
2024-05-02,1259.715891307856,1260.469419526729,1258.04281792203,1258.9529776575848,1258.9161626325097
2024-05-03,1260.469419526729,1261.5589805999646,1259.276800465331,1259.672517629445,1259.454647499994
2024-05-06,1261.5589805999646,1261.029474284,1260.7725359908377,1261.0701047318478,1260.9561233397637
2024-05-07,1261.029474284,1261.2127649318338,1259.9229836780255,1260.6307835357838,1260.535813499403
2024-05-08,1261.2127649318338,1260.1435694861357,1260.192661168567,1260.7347576362922,1260.593756740195
2024-05-09,1260.1435694861357,1267.353001634272,1259.1637326053612,1259.5906563136077,1259.2803263309756
2024-05-10,1267.353001634272,1259.3696756397255,1267.916085927829,1268.6341634425169,1268.3780079300789
2024-05-13,1259.3696756397255,1255.337281387378,1258.306462485676,1259.0347100170547,1258.9655453290934
2024-05-14,1255.337281387378,1256.681412804827,1252.9147379701567,1254.4440861113437,1254.2308899855143
2024-05-15,1256.681412804827,1255.9889814685653,1255.3582335710723,1255.928219901426,1255.5421094768183
2024-05-16,1255.9889814685653,1255.74459393812,1254.7193362375501,1255.4690215075652,1255.1218999834007
2024-05-17,1255.74459393812,1258.0255442222763,1253.6824621768535,1254.5968034523892,1254.720124262404
2024-05-20,1258.0255442222763,1257.4553066512372,1256.9848250878192,1258.0495215188012,1257.4237732201593
2024-05-21,1257.4553066512372,1254.553204727199,1256.7936174229499,1257.3997310218815,1257.2897170254503
2024-05-22,1254.553204727199,1252.9748685930733,1253.1477855436701,1254.0140081040179,1253.9003760529038
2024-05-23,1252.9748685930733,1254.7466781888018,1251.415187537031,1252.289765593121,1251.917437575342
2024-05-24,1254.7466781888018,1252.5370076010254,1253.710450371048,1254.0990751484997,1253.7569612458808
2024-05-27,1252.5370076010254,1251.51872622417,1251.1046779488124,1252.0017480079484,1251.9978434414745
2024-05-28,1251.51872622417,1248.8508290168088,1249.7052981616007,1250.8238747732378,1250.6079402807663
2024-05-29,1248.8508290168088,1245.3479410804262,1247.0140937172314,1247.757133430477,1247.4491585811732
2024-05-30,1245.3479410804262,1245.3173926391205,1243.1516184364677,1244.0025587159735,1243.8070657611204
2024-05-31,1245.3173926391205,1237.812658891696,1243.2750150834397,1243.8409328097562,1243.6755206712455
2024-06-03,1237.812658891696,1231.6113253066462,1234.9369302403702,1235.3631189835567,1235.1629391323338
2024-06-04,1231.6113253066462,1224.5953666201124,1227.8290598911365,1228.3339008825587,1228.1988127554182
2024-06-05,1224.5953666201124,1223.0883101823665,1220.5576091776895,1220.6060127854255,1220.5270482586934
2024-06-06,1223.0883101823665,1220.6953489467562,1219.5596889670305,1219.435686159899,1219.4964961137453
2024-06-07,1220.6953489467562,1213.638659005148,1217.365582445757,1217.6638567906145,1217.513335967447
2024-06-10,1213.638659005148,1213.5062824261568,1209.7020822445545,1209.5570836141685,1209.570756685125
2024-06-11,1213.5062824261568,1213.893229349362,1210.453936983936,1210.0535258730984,1209.8428818450395
2024-06-12,1213.893229349362,1213.8728637218248,1212.1926945558316,1211.750490545692,1211.6897770487024
2024-06-13,1213.8728637218248,1214.5449294305492,1212.3513707359411,1212.6613642309403,1212.5389081907622
2024-06-14,1214.5449294305492,1212.8953136000434,1213.2892737295715,1213.841130617527,1213.696617247983
2024-06-17,1212.8953136000434,1211.174418073158,1211.992397640033,1212.485028185647,1212.5607391220249
2024-06-18,1211.174418073158,1211.2558805833064,1210.0755172278516,1210.5151785090313,1210.4145679821477
2024-06-19,1211.2558805833064,1198.955041550893,1210.3049455069372,1210.5276959196694,1210.445110789108
2024-06-20,1198.955041550893,1198.0996851943341,1195.9244850310533,1195.8864254319817,1195.9699299961833
2024-06-21,1198.0996851943341,1201.2054433937435,1194.9461804397686,1195.7248041115738,1195.9154212013875
2024-06-24,1201.2054433937435,1199.6169244458488,1199.8262920963123,1199.8338094180335,1199.6374792097176
2024-06-25,1199.6169244458488,1188.9657012439407,1197.8930175623655,1198.461034203074,1198.3785881843348
2024-06-26,1188.9657012439407,1187.3466338547407,1185.1221218567493,1185.7436795906062,1185.8827086792646
2024-06-27,1187.3466338547407,1184.7500163437594,1184.4047698055688,1184.9255244995677,1184.7581304759258
2024-06-28,1184.7500163437594,1183.365153671236,1182.5481294325307,1182.3688505289258,1182.3571426865658
2024-07-01,1183.365153671236,1184.6685538336112,1180.732046876726,1180.539392106527,1180.2871735680728
2024-07-02,1184.6685538336112,1181.471150310285,1182.4962020529163,1182.86579745532,1182.5862733594208
2024-07-03,1181.471150310285,1178.7930702891554,1179.6316888358097,1180.352232750239,1180.2807912217272
2024-07-04,1178.7930702891554,1178.2126499043477,1176.845885491504,1177.3676111019117,1177.8462702560714
2024-07-05,1178.2126499043477,1176.6139481426846,1176.6512740464066,1176.8146190003015,1176.6410577575084
2024-07-08,1176.6139481426846,1175.7687745998946,1175.0815967649885,1175.2525959990144,1175.0510484897636
2024-07-09,1175.7687745998946,1169.8118285452904,1174.0639713734215,1174.4309745160479,1174.3438665537278
2024-07-10,1169.8118285452904,1168.5084283829153,1167.4932058506727,1167.5791336330735,1168.2586613320238
2024-07-11,1168.5084283829153,1170.982852128674,1166.270481190832,1166.5524362933513,1166.5492823620896
2024-07-12,1170.982852128674,1160.474188319526,1169.8294401443584,1169.9874540032727,1169.6850926177542
2024-07-15,1160.474188319526,1151.0958168386876,1157.550158702717,1157.799250949952,1158.1508873260716
2024-07-16,1151.0958168386876,1148.5602962103173,1146.5297774702851,1147.4818040564153,1147.725410112833
2024-07-17,1148.5602962103173,1146.1775177884756,1145.066243794908,1144.5277361869485,1144.5478660251335
2024-07-18,1146.1775177884756,1145.0064942050922,1143.1442023494906,1142.5396502483413,1142.720585623336
2024-07-19,1145.0064942050922,1139.7623451142865,1141.6615118072832,1141.7468185754162,1141.60834824914
2024-07-22,1139.7623451142865,1139.772527928055,1136.3985682321338,1136.1200652500845,1135.7719050822686
2024-07-23,1139.772527928055,1131.7077394233602,1137.4662253374129,1137.4368882081067,1137.2554461029335
2024-07-24,1131.7077394233602,1129.579531345732,1128.911157004025,1128.0341619418343,1127.979122858935
2024-07-25,1129.579531345732,1125.7100621136815,1126.597712117168,1126.2351906995261,1126.2813825386265
2024-07-26,1125.7100621136815,1122.33955075629,1122.9066614216547,1122.4031604735208,1122.3487103932614
2024-07-29,1122.33955075629,1119.8447613829942,1119.5121492283738,1118.811648264585,1119.4017370289566
2024-07-30,1119.8447613829942,1120.2826223750421,1117.0330101562508,1116.6463797650242,1117.0939169837948
2024-07-31,1120.2826223750421,1114.2849450653634,1118.3479205885646,1118.025717373423,1117.8922653030331
2024-08-01,1114.2849450653634,1113.0630074131368,1111.7081030928941,1111.194764890659,1111.5195579839965
2024-08-02,1113.0630074131368,1100.792716822029,1110.5814209349044,1110.5263426732265,1110.641688799189
2024-08-05,1100.792716822029,1101.637890364819,1097.1033684512076,1096.933504114281,1096.8843317370265
2024-08-06,1101.637890364819,1092.5955517383427,1098.4023313145885,1098.360876170867,1098.560388422551
2024-08-07,1092.5955517383427,1093.53237060505,1088.9002356254557,1088.8091499338313,1089.145829678104
2024-08-08,1093.53237060505,1093.4203596535956,1090.1593214095103,1090.3846757929823,1090.500244424414
2024-08-09,1093.4203596535956,1091.200506252051,1091.07606703094,1090.8156414014895,1090.6813169983022
2024-08-12,1091.200506252051,1088.2882215142445,1089.1573461182584,1089.2823094551932,1089.3014520873955
2024-08-13,1088.2882215142445,1076.3946950325728,1085.9986563476996,1086.070294149726,1086.0636021595144
2024-08-14,1076.3946950325728,1076.9242013485375,1072.9086600623914,1072.6019184138756,1072.400869845822
2024-08-15,1076.9242013485375,1072.9732696063388,1074.0124556705105,1073.8014708289963,1073.9444997825653
2024-08-16,1072.9732696063388,1079.6939266935844,1070.286110153085,1069.933386313808,1070.2191341307205
2024-08-19,1079.6939266935844,1076.8325560246208,1078.264322106375,1078.8403727470602,1079.1390467576746
2024-08-20,1076.8325560246208,1074.5312401129274,1075.4022237805023,1075.6979755035131,1075.5518048337663
2024-08-21,1074.5312401129274,1074.1646588172596,1073.060106534648,1074.0456838523532,1074.3310770315336
2024-08-22,1074.1646588172596,1075.6106183723941,1073.2021663902476,1073.3170237382735,1073.1659524794409
2024-08-23,1075.6106183723941,1065.1834170733946,1075.1922847362525,1075.4019649259105,1075.3441477302408
2024-08-26,1065.1834170733946,1059.7254288934496,1062.5138901428897,1062.837486120958,1063.2414688182437
2024-08-27,1059.7254288934496,1054.073967251902,1056.1350810664753,1056.3827685484978,1056.5421904043517
2024-08-28,1054.073967251902,1055.1940767664432,1050.7498437803715,1050.5234047931267,1050.8994088084055
2024-08-29,1055.1940767664432,1054.9598720497665,1052.3675694972,1052.79216983053,1052.643973224623
2024-08-30,1054.9598720497665,1049.4102385459043,1052.391918852144,1052.6725466954806,1052.5521455366477
2024-09-02,1049.4102385459043,1044.7872410949806,1046.3050414034674,1046.4728646098652,1046.3055544100218
2024-09-03,1044.7872410949806,1036.895560424351,1041.7277424416445,1042.1170519089724,1042.0357562642234
2024-09-04,1036.895560424351,1036.0605696953296,1033.530582199136,1033.3754497255813,1033.2648668759089
2024-09-05,1036.0605696953296,1035.8670962337271,1032.951481234373,1033.225036615712,1033.3820771503897
2024-09-06,1035.8670962337271,1027.5681030123553,1033.3234062278295,1033.1921843457912,1033.1334241523914
2024-09-09,1027.5681030123553,1026.4683591253515,1023.9902523559374,1024.1110850873313,1024.732397575861
2024-09-10,1026.4683591253515,1033.3723068604315,1023.2373873421636,1023.5614281260979,1023.5897240958091
2024-09-11,1033.3723068604315,1032.6696927104013,1032.910246991053,1033.3022724682592,1033.1125926631853
2024-09-12,1032.6696927104013,1033.8203506662478,1032.249301307558,1032.7860384388023,1032.6818993528211
2024-09-13,1033.8203506662478,1036.4882478736092,1033.2160419069492,1034.008395751419,1034.0737250799377
2024-09-16,1036.4882478736092,1039.1561450809704,1037.2902231955186,1037.696003869227,1038.0034378269875
2024-09-17,1039.1561450809704,1032.9853599372266,1040.3993494732783,1040.6539307814144,1040.9557499008274
2024-09-18,1032.9853599372266,1039.7671139070837,1032.2670942333025,1032.5693042897162,1033.3940067996923
2024-09-19,1039.7671139070837,1038.759015343997,1039.9827847645624,1040.5025752663696,1040.867351451204
2024-09-20,1038.759015343997,1039.2579732186562,1039.1467519643184,1039.3252411129165,1039.0859957109158
2024-09-23,1039.2579732186562,1041.9869673086287,1038.8476801818588,1039.748579350088,1040.0976386637828
2024-09-24,1041.9869673086287,1036.1216665779411,1042.1308555416647,1042.8046181638867,1042.8118617157666
2024-09-25,1036.1216665779411,1037.7203683396042,1035.1226032362454,1036.2633983379146,1036.1152464882196
2024-09-26,1037.7203683396042,1036.76318384536,1036.4973115969683,1037.013042101545,1037.4369070839487
2024-09-27,1036.76318384536,1028.1892546522372,1035.773147391931,1036.0310007907988,1036.2409494331412
2024-09-30,1028.1892546522372,1030.8062377907554,1025.3900298949327,1026.9577611199686,1026.9912103361519
2024-10-01,1030.8062377907554,1033.4232209292738,1028.2238117059906,1029.6966042341032,1029.5103780301713
2024-10-02,1033.4232209292738,1033.9730928727759,1032.5063863660519,1032.8425344346194,1033.0830334034883
2024-10-03,1033.9730928727759,1035.4190524279106,1032.74953188237,1033.9072248557763,1033.981119394132
2024-10-04,1035.4190524279106,1039.6551029556292,1034.5574587400517,1035.651840234838,1035.7072103427229
2024-10-07,1039.6551029556292,1043.0765283818635,1040.3048523634848,1041.2363358765494,1040.9274790592192
2024-10-08,1043.0765283818635,1041.1621593933753,1044.288338539842,1044.8311069498216,1044.7256167435014
2024-10-09,1041.1621593933753,1039.9911358099916,1041.399287231636,1042.0716802436264,1042.2602943350294
2024-10-10,1039.9911358099916,1040.6937499600217,1039.4670966166461,1040.3478937198,1040.166986294787
2024-10-11,1040.6937499600217,1033.901813176396,1040.1903573532002,1040.8211051920873,1040.57739405626
2024-10-14,1033.901813176396,1033.3824896741996,1031.8741926938176,1033.0365049152338,1033.5579129703708
2024-10-15,1033.3824896741996,1039.9402217411484,1030.8118412973336,1032.351572486546,1032.1706194320122
2024-10-16,1039.9402217411484,1038.4738965584768,1039.3425577950593,1039.8118403089904,1039.583383544918
2024-10-17,1038.4738965584768,1039.93003892738,1037.6942469144365,1038.5093206880442,1038.359238163449
2024-10-18,1039.93003892738,1039.064499757053,1038.9799604165648,1039.9762728673848,1039.8903168093464
2024-10-21,1039.064499757053,1038.1582293316517,1038.603960781531,1039.3999720484721,1039.1795181870357
2024-10-22,1038.1582293316517,1035.6430743308188,1037.2817351397487,1038.3830734519486,1038.2356767953272
2024-10-23,1035.6430743308188,1036.5391619424515,1034.007348096924,1034.8432429310012,1034.831117020533
2024-10-24,1036.5391619424515,1039.1052310121274,1035.0770891168413,1035.8470073070832,1035.8032477282152
2024-10-25,1039.1052310121274,1028.647481271822,1038.2773923824939,1039.0652230965143,1038.9434842560788
2024-10-28,1028.647481271822,1028.1077921420886,1025.93647320774,1027.5632619329385,1027.9320450581279
2024-10-29,1028.1077921420886,1025.6842824651728,1025.2580670162147,1026.9953236156414,1026.8175584801727
2024-10-30,1025.6842824651728,1018.3221081105079,1023.5046782551348,1024.3253793295494,1024.263902852377
2024-10-31,1018.3221081105079,1018.7497862887872,1014.7421129751106,1015.7610295239201,1015.6603482694826
2024-11-01,1018.7497862887872,1012.9150339994055,1015.2095465713542,1016.5820522032516,1016.3289724231108
2024-11-04,1012.9150339994055,1009.9416523789876,1009.6876963198944,1009.9550623109644,1009.8901044781652
2024-11-05,1009.9416523789876,1006.3063878636137,1006.3783137388194,1007.4456318388602,1007.3996063433074
2024-11-06,1006.3063878636137,1007.0802817100239,1002.881861252844,1003.4849933005397,1003.3745813572613
2024-11-07,1007.0802817100239,1003.923609441772,1004.5620810853604,1005.2125466349179,1004.9471491729743
2024-11-08,1003.923609441772,996.4901553907274,1001.2355882572782,1001.6324781378931,1001.5104669646144
2024-11-11,996.4901553907274,995.0543786493613,992.9590313734043,993.2700896552333,993.7956928843423
2024-11-12,995.0543786493613,986.3786213185527,991.9526757694244,992.2989502641558,992.0949717590611
2024-11-13,986.3786213185527,982.784088058253,982.7331276167641,982.9973427184457,983.0938547028787
2024-11-14,982.784088058253,979.403393887093,978.6549959971563,979.4933155578708,979.871803017715
2024-11-15,979.403393887093,974.7447565879793,975.6327075593729,976.2284728448508,976.366545466871
2024-11-18,974.7447565879793,970.0861192888656,971.0048841303568,971.431347208363,971.52854891147
2024-11-19,970.0861192888656,967.6422439844126,966.0792747313151,966.8374416272381,967.1035889016006
2024-11-20,967.6422439844126,962.286083942153,964.2806049603331,964.5843878437398,964.5366111276135
2024-11-21,962.286083942153,968.8132675677963,958.7832685943159,959.3115076339162,959.6498243326299
2024-11-22,968.8132675677963,976.155076294924,967.033699995691,967.560231493277,967.5286619351881
2024-11-25,976.155076294924,979.0775438464992,976.8699922093797,977.6688759543952,977.7473562125136
2024-11-26,979.0775438464992,981.735258240092,980.3504747214395,981.1895731622809,981.185480232698
2024-11-27,981.735258240092,982.5906145966507,983.5146638875913,983.9276961328609,984.1280695047409
2024-11-28,982.5906145966507,990.62485466004,984.4650978998901,986.425770338215,986.7678001109539
2024-11-29,990.62485466004,1004.5040298265794,993.2876682230643,994.1458670796156,994.2658279586519
2024-12-02,1004.5040298265794,1012.1105917116895,1009.505206810841,1010.6085920918539,1011.0371025746485
2024-12-03,1012.1105917116895,1014.4628216922256,1017.6654967365175,1018.585451936939,1018.8099754669992
2024-12-04,1014.4628216922256,1014.6257467125224,1018.9961123107922,1020.0752273642017,1019.6610895670107
2024-12-05,1014.6257467125224,1019.8597129895593,1018.0364261632027,1019.4847826140659,1019.3177191660346
2024-12-06,1019.8597129895593,1022.1508460874841,1022.7197705088463,1023.68012329294,1023.5192531304898
2024-12-09,1022.1508460874841,1023.7800962904528,1023.844165671917,1026.3180486057045,1025.8624337618962
2024-12-10,1023.7800962904528,1025.8879387405436,1024.3430244288184,1024.8615981869802,1025.0765397778218
2024-12-11,1025.8879387405436,1028.301265603691,1026.3710114671228,1027.0054804323713,1027.174971706836
2024-12-12,1028.301265603691,1025.4195293071903,1028.8895988415782,1029.6007406144604,1029.7368328027972
2024-12-13,1025.4195293071903,1029.217718842861,1024.665914910375,1025.954450995286,1025.9796738328128
2024-12-16,1029.217718842861,1027.9957811906345,1028.665309391431,1029.9821880233085,1029.5150709781424
2024-12-17,1027.9957811906345,1026.722929469565,1027.2790232127027,1028.3520692915138,1028.1181122675162
2024-12-18,1026.722929469565,1029.268632911704,1025.1866614920218,1026.2865059553951,1026.379990649073
2024-12-19,1029.268632911704,1025.6842824651728,1028.3129854086135,1029.3610636552485,1029.0422208023838
2024-12-20,1025.6842824651728,1030.2360002197165,1024.1642610798172,1025.1421137548116,1025.2778126523028
2024-12-23,1030.2360002197165,1032.0892723255931,1029.2720087911073,1030.3718238801232,1030.23669209102
2024-12-24,1032.0892723255931,1028.998788346837,1031.9601777337948,1032.7599099601482,1032.8508167375085
2024-12-25,1028.998788346837,1025.908304368081,1027.875825181233,1029.0719503023627,1029.1011188574932
2024-12-26,1025.908304368081,1024.217957282501,1024.0314238001367,1025.1909808786233,1025.2562997180269
2024-12-27,1024.217957282501,1031.0709909487377,1022.5033152171723,1023.4240945861753,1023.3122704805273
2024-12-30,1031.0709909487377,1030.2258174059477,1030.6845389461785,1031.0882120979131,1030.7399434333201
2024-12-31,1030.2258174059477,1030.7145924668384,1029.6427614219554,1030.304537060781,1030.1588867013415
2025-01-01,1030.7145924668384,1031.203367527729,1030.481717656958,1030.9551911728527,1030.9106736203846
2025-01-02,1031.203367527729,1032.5373161314094,1031.5395926420929,1031.7112594758075,1031.610417275314
2025-01-03,1032.5373161314094,1033.4334037430422,1033.0339233740137,1033.1019482787083,1033.1045770792912
2025-01-06,1033.4334037430422,1033.8814475488587,1033.5772941732343,1034.024571017401,1034.0690700987407
2025-01-07,1033.8814475488587,1033.1686505850598,1033.9129867218815,1034.4634348468614,1034.6197877532893
2025-01-08,1033.1686505850598,1032.2420145321214,1032.9721353464267,1033.3315813605802,1033.3244415525905
2025-01-09,1032.2420145321214,1031.3459269204886,1031.7189790066295,1031.9123834967572,1031.8995232839693
2025-01-10,1031.3459269204886,1022.7821805411344,1030.5954631783181,1030.935787601697,1030.865534570243
2025-01-13,1022.7821805411344,1015.3385436763214,1020.46277694478,1021.6483298130111,1021.5425437605713
2025-01-14,1015.3385436763214,1009.3001351115686,1011.866152139537,1012.9863772070742,1013.0397978366445
2025-01-15,1009.3001351115686,1006.5100441389849,1005.5996555682331,1006.2894478075036,1006.2616470791886
2025-01-16,1006.5100441389849,1006.3980331875307,1002.9544061250551,1003.3482542663163,1003.2102174048832
2025-01-17,1006.3980331875307,998.3128790552985,1003.3421011455055,1004.1280603646783,1004.3617765118647
2025-01-20,998.3128790552985,996.5919835284129,994.6455818318103,995.1300057792369,995.1717750155528
2025-01-21,996.5919835284129,987.9060433838359,993.4485204033434,993.7221500323415,993.7069920778631
2025-01-22,987.9060433838359,986.9590417033604,984.6197851172756,984.745238856238,984.8035385192353
2025-01-23,986.9590417033604,987.3969026954082,983.9447703640172,984.1992465457704,984.4362167866886
2025-01-24,987.3969026954082,981.9287317016946,985.302631678331,985.0366676122945,985.0051561827552
2025-01-27,981.9287317016946,981.5316019647211,979.4749338864483,978.9492191554026,979.5883460603304
2025-01-28,981.5316019647211,980.0449111545123,979.3222295024015,978.9505355359241,979.3693836509774
2025-01-29,980.0449111545123,986.5720947801558,978.7540115699273,978.3953028683648,978.4993234305545
2025-01-30,986.5720947801558,981.0530097175994,986.7662659077662,986.7666162640287,987.0305013675015
2025-01-31,981.0530097175994,985.5589048101847,980.3114641408282,980.4074901067042,980.5805042289993
2025-02-03,985.5589048101847,990.0647999027698,985.6558904997662,985.9178087033098,986.5556904615248
2025-02-04,990.0647999027698,990.7368656114945,991.830634115373,991.3535886499618,991.650282199074
2025-02-05,990.7368656114945,991.5820391542845,992.1531614943614,991.8922994421009,993.0137230829165
2025-02-06,991.5820391542845,991.4496625752932,992.429425106372,992.5192770875284,993.1032539011635
2025-02-07,991.4496625752932,995.2173036696583,992.2344978124411,992.1513849381419,992.1333497783247
2025-02-10,995.2173036696583,994.9627333254443,996.3448389941312,995.9918904386739,996.4073723413892
2025-02-11,994.9627333254443,993.2011065434843,995.538061501706,995.7045455154052,995.8521506953764
2025-02-12,993.2011065434843,990.8488765629484,992.8799345244275,993.2756430240332,993.4414865284415
2025-02-13,990.8488765629484,990.7877796803369,989.9799282399829,990.4152326025438,990.4326919473565
2025-02-14,990.7877796803369,988.9650560157659,990.0352873182604,990.3049461943716,990.4291894853018
2025-02-17,988.9650560157659,984.5966289090561,987.7146719423554,988.1598216129532,988.1913055887376
2025-02-18,984.5966289090561,985.0446727148724,982.4902433070894,983.6973124973755,983.6013832756739
2025-02-19,985.0446727148724,983.9347460141,983.4321196082768,984.026406629917,983.9363610919976
2025-02-20,983.9347460141,982.4175067625853,982.6903925642339,982.9700731852498,982.9723164531016
2025-02-21,982.4175067625853,973.8944916383055,980.8649596921705,981.4922484247287,981.5210035771377
2025-02-24,973.8944916383055,967.072006413374,971.1415574658985,971.4607772398986,971.4229308796932
2025-02-25,967.072006413374,956.4615144665403,963.7234465983097,964.1658746784261,964.2994420426925
2025-02-26,956.4615144665403,957.8871083941378,952.1370104671533,953.2814992474682,953.1489850031933
2025-02-27,957.8871083941378,958.6610022405481,954.4452125208136,954.6618402046274,954.415460705443
2025-02-28,958.6610022405481,956.2069441223265,956.3166553954295,956.1095531758681,956.7243810014356
2025-03-03,956.2069441223265,952.5105827243412,953.4478817873386,953.5929749784265,953.6693192268989
2025-03-04,952.5105827243412,948.3356290792341,949.8320852961671,949.604623697166,949.511747092252
2025-03-05,948.3356290792341,946.4110772769774,946.1030960139938,946.0798492177628,946.0828594170621
2025-03-06,946.4110772769774,946.8183898277197,944.3034585430067,944.0713054389134,944.2210044162144
2025-03-07,946.8183898277197,950.0259761648142,945.0165922046485,944.8325544284246,944.9829982275155
2025-03-10,950.0259761648142,950.5351168532421,949.1622138355675,949.8673627033713,950.1635383725413
2025-03-11,950.5351168532421,944.4152457783409,950.0904789323138,950.9498752754531,951.1631761528752
2025-03-12,944.4152457783409,948.2236181277802,942.9940654070091,943.6070589203133,944.1838196887213
2025-03-13,948.2236181277802,955.0257377251745,947.6688734346816,948.2280194384723,948.0242006764942
2025-03-14,955.0257377251745,968.8828022128778,956.3728823686645,956.3913407745428,956.5367017147177
2025-03-17,968.8828022128778,982.9409274978259,972.7181522993112,974.2904346989861,974.1127872868645
2025-03-18,982.9409274978259,997.2030308966139,989.5636533476551,989.2288225141201,988.6724652442662
2025-03-19,997.2030308966139,1000.9143010220015,1006.3001065468828,1004.5344580282815,1003.9319966209538
2025-03-20,1000.9143010220015,1004.3001995199578,1009.1952453089714,1008.2811007790096,1007.565881294653
2025-03-21,1004.3001995199578,1010.1263852236486,1010.7291021568279,1010.6336256657526,1009.6938892608381
2025-03-24,1010.1263852236486,1013.5326194483193,1015.504680188898,1015.6811998723316,1014.6369141328512
2025-03-25,1013.5326194483193,1016.5016355486293,1017.2042017712718,1018.2207807543031,1017.0422034727471
2025-03-26,1016.5016355486293,1022.1651354386044,1018.7442006351416,1020.6797832013727,1019.9248286254931
2025-03-27,1022.1651354386044,1022.0736246683895,1024.502891426479,1026.3002492776552,1026.1206061315704
2025-03-28,1022.0736246683895,1019.6435053260122,1023.5092081459624,1026.0817792432572,1025.786106385021
2025-03-31,1019.6435053260122,1025.9374127441354,1019.3194560589509,1020.2317374909916,1019.7643739348706
2025-04-01,1025.9374127441354,1024.829115638198,1026.78614518837,1026.8632891603033,1026.4991891495795
2025-04-02,1024.829115638198,1026.9745348065726,1025.1646647313128,1025.5377064740023,1025.0572501613476
2025-04-03,1026.9745348065726,1025.3883481228454,1026.800562704845,1027.7181298927142,1027.5183611588466
2025-04-04,1025.3883481228454,1019.9688769534437,1025.007620689168,1025.823386529473,1025.6860413109973
2025-04-07,1019.9688769534437,1019.8671983198714,1018.3339838471461,1019.3406548253173,1019.0445398664681
2025-04-08,1019.8671983198714,1010.4517568510798,1018.0737019749675,1018.9834125049873,1018.796921742808
2025-04-09,1010.4517568510798,1012.2819722553808,1007.419352360371,1008.2995117803243,1007.8487262283084
2025-04-10,1012.2819722553808,1009.780677869503,1009.4747147023128,1010.6191394044919,1010.4142826844594
2025-04-11,1009.780677869503,998.0164599651922,1007.5083224315068,1007.7033624639594,1007.3413185686495
2025-04-14,998.0164599651922,995.0474438648821,993.9031354675399,994.7039154685049,994.0747758538773
2025-04-15,995.0474438648821,984.4118587932232,990.9836825734013,991.8676859149264,991.6792272136744
2025-04-16,984.4118587932232,981.8326107882735,980.2883221612686,980.6189488914996,980.030748551911
2025-04-17,981.8326107882735,979.2533627833236,977.4957949497466,978.3244772854817,977.9248962661427
2025-04-18,979.2533627833236,976.6741147783739,975.566811212251,975.972676649586,975.7563325880932
2025-04-21,976.6741147783739,975.6573284426512,973.5675665931786,973.5983903652577,973.6642707705248
2025-04-22,975.6573284426512,972.901837472843,973.0370082743423,972.8072244158933,972.544688551257
2025-04-23,972.901837472843,973.2678805537032,970.9366346099416,970.1404534454091,970.6363505767363
2025-04-24,973.2678805537032,969.5159389748866,971.835071288719,971.7876667133838,971.8267892323026
2025-04-25,969.5159389748866,962.9678349728327,967.9344467142616,967.4792406396783,967.552428129798
2025-04-28,962.9678349728327,960.7919122143862,960.5318014522292,960.0863256719407,960.6818993856086
2025-04-29,960.7919122143862,953.0745039262516,958.4834264050185,957.963189880532,957.8749010589589
2025-04-30,953.0745039262516,953.171098628145,950.1968870249344,949.6471490318469,950.0385338770649
2025-05-01,953.171098628145,953.2676933300387,950.7051909133825,950.7358415016903,951.1904827412465
2025-05-02,953.2676933300387,967.0992492543668,951.7169121753572,950.8444228456129,950.9063049181136
2025-05-05,967.0992492543668,953.505275151184,968.8578560652081,969.1819916070494,969.0432423827493
2025-05-06,953.505275151184,947.1502002160262,952.9665467692811,952.399309642916,952.8056870598964
2025-05-07,947.1502002160262,945.9198577085796,944.8848186309082,945.5262913835255,945.4697939959459
2025-05-08,945.9198577085796,944.5471615225855,944.9341118994379,944.141034563237,944.5588116230907
2025-05-09,944.5471615225855,945.2385936755306,943.4321263968376,943.0681285726301,943.1547044897815
2025-05-12,945.2385936755306,931.9519026004823,943.2036503387778,943.6464353671785,943.6239732516642
2025-05-13,931.9519026004823,927.7652089142197,928.3814790969221,928.8189336313443,929.0151211905062
2025-05-14,927.7652089142197,928.2745390463684,924.3448189282378,924.518613948646,924.7901575756814
2025-05-15,928.2745390463684,925.5445295380512,926.3219351841173,925.5121840958144,925.5562008619529
2025-05-16,925.5445295380512,926.2881515309884,923.3439433055316,923.1803702839803,923.5135858148137
2025-05-19,926.2881515309884,923.8026204861026,923.955272793603,924.6001906935048,924.432228413753
2025-05-20,923.8026204861026,922.1625774605835,922.4397468401219,922.4240804252371,922.7943452832138
2025-05-21,922.1625774605835,921.7652999575076,920.9901623968153,921.1068492960796,921.2434801735038
2025-05-22,921.7652999575076,924.4341898499671,920.7989802992056,920.8125599278496,920.7272771599905
2025-05-23,924.4341898499671,914.5124388757098,924.2687124846937,924.405664387551,924.0203732253308
2025-05-26,914.5124388757098,913.3409795717677,912.590365095896,912.5962498578647,912.7583396599736
2025-05-27,913.3409795717677,908.7264485745001,911.3250997608118,911.5219477179808,911.9866771716678
2025-05-28,908.7264485745001,907.2901376018405,906.9256220261939,906.1401621536218,906.2561631798021
2025-05-29,907.2901376018405,903.3886687895812,905.201172635425,905.1518987410227,905.3776328310505
2025-05-30,903.3886687895812,899.2529081165334,900.8334144596648,900.9999106949485,900.9451601014678
2025-06-02,899.2529081165334,898.0610756073055,896.7562156567673,896.2657992039359,896.1708443343734
2025-06-03,898.0610756073055,891.5823963263734,896.0910219728729,895.553134797069,895.4071110413055
2025-06-04,891.5823963263734,893.5178508285386,889.1455603563036,888.6017339714737,888.7646547418337
2025-06-05,893.5178508285386,887.1614107793223,891.7198926523724,891.2925894790778,891.2408494081499
2025-06-06,887.1614107793223,888.2717504674066,885.0759604380607,884.3401634432266,884.7281188219551
2025-06-09,888.2717504674066,888.2615638647636,886.6349069381151,886.3257345813704,886.9969462609811
2025-06-10,888.2615638647636,893.38542499418,887.4022426879209,887.0621094678122,887.270674669047
2025-06-11,893.38542499418,893.6604632655403,893.8950203493464,894.2517709782387,894.2840586280727
2025-06-12,893.6604632655403,893.5585972391107,894.3742301384066,894.5499776285809,894.6335783965316
2025-06-13,893.5585972391107,891.9185542135916,894.2146671518768,894.0886323307463,894.1734021670188
2025-06-16,891.9185542135916,893.2020661466065,892.286375284107,892.0754731468467,892.0398639998738
2025-06-17,893.2020661466065,890.6656020885058,893.5324957834207,893.2624631612223,893.2595327296548
2025-06-18,890.6656020885058,891.4805302999438,890.2873937967726,890.2545908218789,890.6801139189972
2025-06-19,891.4805302999438,886.978051931749,890.9074692444497,890.9487734849657,891.0519340848921
2025-06-20,886.978051931749,888.5875351493389,885.9101076684029,886.0820353733787,886.3834611525324
2025-06-23,888.5875351493389,886.8048796868184,887.8070808661106,888.1679386538356,888.1443492524123
2025-06-24,886.8048796868184,883.8711381256417,886.044742280041,885.9332021968788,886.1052471953578
2025-06-25,883.8711381256417,879.9492961080965,882.4945448429678,882.8570434021204,882.8529221219593
2025-06-26,879.9492961080965,878.2379468640767,878.1491803962418,878.471410752047,878.4753044384788
2025-06-27,878.2379468640767,874.7541287601794,876.6934442876036,876.813158369545,876.703667237477
2025-06-30,874.7541287601794,874.4383440782472,872.9015749468948,872.8170319224618,872.7079067479726
2025-07-01,874.4383440782472,875.7626024218338,872.7871434034597,872.8269554256461,872.7368942715981
2025-07-02,875.7626024218338,875.7727890244769,874.9531597845744,874.8280808677295,874.6732737065648
2025-07-03,875.7727890244769,876.2821191566255,875.2884001109031,875.2650182023772,875.3882494444812
2025-07-04,876.2821191566255,870.6896743056323,876.1037062932421,876.1694588575441,876.0076530922096
2025-07-07,870.6896743056323,874.1327459989578,869.7862027688737,869.9422884906318,869.9675611255544
2025-07-08,874.1327459989578,869.0190714721845,873.9644888018454,873.7834599817147,873.7705091719791
2025-07-09,869.0190714721845,871.3619900800687,868.3125425799727,868.0789931085128,868.184051770498
2025-07-10,871.3619900800687,871.5147891197134,870.6929149635796,870.9441415554954,870.8960769048441
2025-07-11,871.5147891197134,866.7882054933731,871.3564108884993,870.8957516064868,871.0090627425047
2025-07-14,866.7882054933731,865.2907749048559,865.8322637094342,866.1428106142017,866.0003225584597
2025-07-15,865.2907749048559,861.9495692379601,864.0186120429873,864.2995423049924,864.2856632395291
2025-07-16,861.9495692379601,862.0819950723188,860.7567601134926,860.6730957506195,860.4331584410675
2025-07-17,862.0819950723188,860.6253108943733,860.930453330577,861.0639159123118,860.970626695518
2025-07-18,860.6253108943733,856.5099234266115,859.4075261194554,859.3856494611941,859.23514221682
2025-07-21,856.5099234266115,856.9479473402594,854.9065018841061,854.5771404746907,854.7828893936513
2025-07-22,856.9479473402594,856.693282274185,855.7617663884006,855.8159496048401,855.753649138241
2025-07-23,856.693282274185,856.2246985526082,856.1356016005462,856.0670213697193,856.0644028753178
2025-07-24,856.2246985526082,857.3554114459785,855.4938369662045,855.4687458606404,855.5561069357489
2025-07-25,857.3554114459785,855.2977177120976,856.9948695778402,856.8493614416384,856.7655394834948
2025-07-28,855.2977177120976,856.6423492609704,854.9687569383228,854.9665812515339,855.0955390527262
2025-07-29,856.6423492609704,848.4828805439475,856.520856213615,856.2357078021068,856.3225073367219
2025-07-30,848.4828805439475,845.467646161627,847.1426286091154,847.2212682641193,847.355267071524
2025-07-31,845.467646161627,843.8989093546089,843.5101634562147,843.7354127867123,844.0035851241728
2025-08-01,843.8989093546089,844.9786892347643,842.3986481419943,842.2086328857912,842.5570886620658
2025-08-04,844.9786892347643,842.7681964612387,843.9464071032594,843.7207962786792,843.7258196377653
2025-08-05,842.7681964612387,839.9465075291347,841.3083167040112,841.2873820059917,841.2782908684786
2025-08-06,839.9465075291347,841.5050577335098,838.4907694191593,838.4675334144345,838.5920217843739
2025-08-07,841.5050577335098,842.2996127396618,841.007887053854,840.8829635677829,840.828720932316
2025-08-08,842.2996127396618,843.2265935801724,842.3230156363447,841.9185439249068,842.0785532301802
2025-08-11,843.2265935801724,847.8614977827259,843.2604499630438,843.423488530476,843.3820759201005
2025-08-12,847.8614977827259,853.4845024416481,849.0651695468365,849.288720612249,849.3358366404407
2025-08-13,853.4845024416481,854.6559617455903,856.1889789488874,855.9164384441594,856.110356626966
2025-08-14,854.6559617455903,854.696708156162,857.1221688703614,856.9103447094408,856.7861848154586
2025-08-15,854.696708156162,853.117784746501,856.5310277907155,856.2746442942192,856.1533454621297
2025-08-18,853.117784746501,854.0243923817258,854.1903675491827,853.7708664490427,853.6158050826766
2025-08-19,854.0243923817258,862.9682295022576,854.615277008225,854.3491722907208,854.3369911811573
2025-08-20,862.9682295022576,863.1210285419023,865.1185550507225,864.4240314909591,864.4615875867399
2025-08-21,863.1210285419023,863.6914782899089,864.9984880560586,864.6847123189251,864.8981789327885
2025-08-22,863.6914782899089,860.421578841514,864.9236508378079,864.8650505264698,864.6006901922083
2025-08-25,860.421578841514,862.5913252044677,861.0618979766798,860.9776076411791,860.8945330862065
2025-08-26,862.5913252044677,864.883310799137,863.1261424101057,863.0872762674773,862.935455996562
2025-08-27,864.883310799137,863.4877462370495,865.4983096425877,865.3644969305537,865.1182027274524
2025-08-28,863.4877462370495,862.1431146881769,863.3935235221026,863.2885138000547,863.6031454649924
2025-08-29,862.1431146881769,865.2602150969271,861.647019500778,861.7321282439735,861.9187674545291
2025-09-01,865.2602150969271,866.6557796590148,865.6864940806265,865.6117569376701,865.4735517299968
2025-09-02,866.6557796590148,867.6744399233123,867.3424399123442,867.2530459243026,867.2566221440985
2025-09-03,867.6744399233123,866.7678322880876,868.0845931600315,868.5310928134177,868.6377867653348
2025-09-04,866.7678322880876,866.2585021559388,867.0574232748598,867.4399746787323,867.406669136334
2025-09-05,866.2585021559388,867.7457461418132,866.3464573483353,866.5986025067729,866.4110532050908
2025-09-08,867.7457461418132,868.4486217241785,868.0009026682337,868.013929889507,867.9667377787688
2025-09-09,868.4486217241785,867.7457461418132,868.6634506861152,868.8678572735894,868.8162644411391
2025-09-10,867.7457461418132,867.6744399233123,867.6109525634082,867.4860710613673,867.7210839036244
2025-09-11,867.6744399233123,868.3060092871767,867.562897618855,867.3532367294338,867.383045084985
2025-09-12,868.3060092871767,868.0309710158164,868.3880557569158,868.2843103378946,868.2158240686749
2025-09-15,868.0309710158164,868.173583452818,867.9136923809772,867.7134952634574,867.9052788627721
2025-09-16,868.173583452818,868.3161958898196,867.9708850342804,867.7837887561187,867.9328093967756
2025-09-17,868.3161958898196,866.5029806193701,868.2758855782521,868.0170844742701,867.984003223424
2025-09-18,866.5029806193701,867.8272389629567,866.1391083290254,866.1161449496115,866.1502488386637
2025-09-19,867.8272389629567,867.8476121682427,867.6714125208317,867.4374877605222,867.5370323967977
2025-09-22,867.8476121682427,866.0140236925072,867.8622211065596,867.5173540150456,867.6919835023522
2025-09-23,866.0140236925072,864.8833107991369,865.547744847087,865.5563187145588,865.662734500223
2025-09-24,864.8833107991369,864.6693921436345,864.2702454863057,864.3915517110919,864.3818213529718
2025-09-25,864.6693921436345,864.0174495744841,864.2996812263904,864.1014036364103,864.1288674418602
2025-09-26,864.0174495744841,861.6949041718857,863.5392525108567,863.4774817052279,863.4788259702298
2025-09-29,861.6949041718857,861.9291960326741,860.7976704675116,860.8410905128867,860.8525098474545
2025-09-30,861.9291960326741,861.4707989137403,861.297874792673,861.3133585744878,861.2755190889694
2025-10-01,861.4707989137403,860.6762439075882,860.9455055480046,860.8269136624548,860.8377234729494
2025-10-02,860.6762439075882,860.0854209542957,860.0079823433578,860.0344541150955,860.0564592258343
2025-10-03,860.0854209542957,860.2687798018692,859.4002148623266,859.4014459274422,859.4032952204338
2025-10-06,860.2687798018692,859.1686267164279,859.8907957402749,859.7663948930547,859.7537743595085
2025-10-07,859.1686267164279,860.4928850600146,858.6820981939584,858.4947822828191,858.6218399482622
2025-10-08,860.4928850600146,860.4012056362278,860.2694370919871,860.0883259342498,860.0856001142764
2025-10-09,860.4012056362278,859.6270238353617,860.33331127826,860.0748857607894,860.1441284638362
2025-10-10,859.6270238353617,856.8257081085436,859.3429084925692,859.2179859933719,859.2863419625941
2025-10-13,856.8257081085436,860.9410955763054,856.1001828093886,856.0954608417148,856.1428298740283
2025-10-14,860.9410955763054,860.289153007155,861.1174367297803,861.0845676572342,860.9284384803734
2025-10-15,860.289153007155,860.380832430942,860.4967763482933,860.0434913599546,860.0961549911754
2025-10-16,860.380832430942,861.0225883974495,860.2126493640095,860.1409170037113,860.0683669515146
2025-10-17,861.0225883974495,860.0854209542958,861.2179377816544,861.1786040712492,861.0147694698478
2025-10-20,860.0854209542958,859.2603061402148,860.104788612857,860.2710323999704,860.2601940121035
2025-10-21,859.2603061402148,858.6389233789932,858.8473847170292,858.8124196500276,858.8513609571845
2025-10-22,858.6389233789932,859.178813319071,858.141111635132,858.1617383603234,858.1126830781369
2025-10-23,859.178813319071,858.0379138230577,858.8493439909404,858.7013344244527,858.7376676272889
2025-10-24,858.0379138230577,862.9071098863997,857.4870364878836,857.5519053007282,857.631496482454
2025-10-27,862.9071098863997,865.2296552889978,863.4324095533243,863.758779038459,863.7115668415214
2025-10-28,865.2296552889978,863.3858802106195,866.4649420932634,866.4947339784585,866.4147198855419
2025-10-29,863.3858802106195,862.1838610987484,863.884549682898,864.041262116466,863.9969151016479
2025-10-30,862.1838610987484,861.6032247480988,862.2557342040893,862.4085167964814,862.3742757294234
2025-10-31,861.6032247480988,863.0293491181152,861.6014647977996,861.6629631573769,861.5292399231718
2025-11-03,863.0293491181152,860.7679233313747,862.9865121947734,862.4540750532497,862.6361071720895
2025-11-04,860.7679233313747,856.6932822741848,860.0318550115855,860.0466354504904,860.3098743152815
2025-11-05,856.6932822741848,857.6202631146955,855.2246905247703,855.6482203534254,855.6895303468796
2025-11-06,857.6202631146955,857.2331722142624,856.7043344157177,856.7380343986551,856.7443076503115
2025-11-07,857.2331722142624,856.5608564398261,856.6280907357045,856.4746873266229,856.5946877201523
2025-11-10,856.5608564398261,855.8783540627469,855.556463543262,855.7003759451426,855.818924140848
2025-11-11,855.8783540627469,852.9547991042131,854.9782808321776,855.0254463334105,855.0804352429027
2025-11-12,852.9547991042131,852.3232297403486,851.9867051325143,852.0666189359326,852.1343088873101
2025-11-13,852.3232297403486,852.4352823694213,851.344799578428,851.3786363115537,851.4894687426948
2025-11-14,852.4352823694213,854.7119880601263,851.7365899788457,851.461980866947,851.5933518099737
2025-11-17,854.7119880601263,856.988693750831,854.520144833065,854.374399079545,854.3463620389658
2025-11-18,856.988693750831,863.141401747188,857.4326113663955,857.6253674092694,857.8419883240441
2025-11-19,863.141401747188,872.1667316888637,865.0637288956926,865.0978466254938,864.8790172195875
2025-11-20,872.1667316888637,874.3059182438884,876.0583803412969,877.4759411631254,877.7210611867454
2025-11-21,874.3059182438884,880.8660903459643,878.1275417211638,879.3057358695132,879.1778821200653
2025-11-24,880.8660903459643,893.6471262246722,885.0913644791782,885.9614528535719,885.7218601724469
2025-11-25,893.6471262246722,901.1302304129557,900.1156534057758,900.1846662398195,900.8679897297758
2025-11-26,901.1302304129557,909.3240771971415,907.8713801467844,908.1375294016871,908.4331299217915
2025-11-27,909.3240771971415,914.1165129866527,915.8143622368666,915.8741372826777,914.9983459907714
2025-11-28,914.1165129866527,927.38,920.3832902876375,920.6556640525671,919.9709956464185
2025-12-01,927.38,932.39,934.6870974626742,934.4295630516243,933.9661880289093
2025-12-02,932.39,937.6200000000001,938.9353580312127,938.8131317785056,937.7197464405775
2025-12-03,937.6200000000001,938.2800000000001,942.8660147501765,943.2052541556448,942.2171659785654
2025-12-04,938.2800000000001,942.3300000000002,942.1635816109861,942.4180288147477,941.7864725190861
2025-12-05,942.3300000000002,943.4500000000002,945.4577599544064,945.6725871955215,944.9380463888577
2025-12-08,943.4500000000002,949.8100000000001,945.3440284022645,946.837893277414,946.3289642202923
2025-12-09,949.8100000000001,957.3500000000003,951.7932061101271,952.950470779176,952.3808683252629
2025-12-10,957.3500000000003,962.1300000000003,960.5275578499849,961.919312073077,962.2755127893422
2025-12-11,962.1300000000003,962.3600000000002,965.5719850950809,966.7389301484266,966.6254248100785
2025-12-12,962.3600000000002,966.5300000000002,964.9014676838316,966.2830107395612,965.7778884992618
2025-12-15,966.5300000000002,967.7800000000001,969.0752739343017,970.0432543973308,969.2296593748038
2025-12-16,967.7800000000001,977.2000000000002,969.8107622902863,971.6933732794067,971.5406945511893
2025-12-17,977.2000000000002,975.5400000000002,980.084942931466,981.2346329622208,981.526669837891
2025-12-18,975.5400000000002,974.8600000000002,977.5054039281639,977.2939614635336,977.4150801277874
2025-12-19,974.8600000000002,975.0000000000001,975.5335552421865,975.5426284751998,974.9897704392913
2025-12-22,975.0000000000001,976.62,975.5419906823685,975.3403279469428,975.0473664390405
2025-12-23,976.62,980.18,976.9318481359733,976.9721073681595,976.6026066316592
2025-12-24,980.18,979.4699999999999,980.5754183521586,981.1132013477294,981.3861486558977
2025-12-25,979.4699999999999,978.7599999999999,979.5680682026792,980.0570365333717,980.0300943685696
2025-12-26,978.7599999999999,978.2499999999998,978.5410020723305,979.0718525053014,978.8925073881829
2025-12-29,978.2499999999998,980.0399999999997,977.978987823286,978.3026261901113,978.15300839527
2025-12-30,980.0399999999997,978.8399999999997,979.971437413196,980.2361241514207,980.0092907887164
2025-12-31,978.8399999999997,979.1349999999995,978.2197708659729,978.2928560739341,978.4539882669018
2026-01-01,979.1349999999995,979.4299999999996,978.7246738386951,978.5279775117986,978.6727425189803
2026-01-02,979.4299999999996,981.3199999999997,979.3010082181553,978.8790020172326,978.933854725225
2026-01-05,981.3199999999997,984.2199999999999,981.5836422475644,981.7289665706471,981.5927556022176
2026-01-06,984.2199999999999,985.8299999999998,985.0572173300556,985.2726156559557,985.2633686420174
2026-01-07,985.8299999999998,985.1499999999996,986.9425834378749,987.0376991345313,987.044981838352
2026-01-08,985.1499999999996,984.2699999999998,985.9141749311177,985.7930218219841,985.7562600732437
2026-01-09,984.2699999999998,992.3799999999999,984.6021652154828,984.4498231660075,984.3561514804712
2026-01-12,992.3799999999999,993.5799999999999,994.3062526721902,993.829664779629,993.2946588610131
2026-01-13,993.5799999999999,996.3999999999997,995.5590838129019,995.0143938928252,994.7967552892034
2026-01-14,996.3999999999997,995.1599999999999,998.1755933500659,998.1925233912775,997.6400785486127
2026-01-15,995.1599999999999,994.98,996.6417744670589,995.9870092871414,996.0124073546378
2026-01-16,994.98,989.1300000000001,995.8399290134325,995.4300218269793,995.1454431542056
2026-01-19,989.1300000000001,996.05,988.3661469745181,988.3739204733959,988.4530253075314
2026-01-20,996.05,995.8099999999998,996.2954278456252,996.3698321336548,996.2830777611872
2026-01-21,995.8099999999998,995.8099999999998,996.3035665307436,995.6872186817658,995.6116002098167
2026-01-22,995.8099999999998,994.9199999999998,995.6912203345344,995.6945235115996,995.5040226552492
2026-01-23,994.9199999999998,993.7599999999996,994.9089292704496,994.3811144851954,994.4186512481011
2026-01-26,993.7599999999996,994.7999999999996,993.5990472083506,993.8692625690405,993.6002533048431
2026-01-27,994.7999999999996,993.5999999999997,994.5840839928541,994.1610306904217,994.3490596998626
2026-01-28,993.5999999999997,993.7299999999996,993.088556569397,992.9013380495771,993.0295561573452
2026-01-29,993.7299999999996,993.1399999999996,993.1877038954536,993.0391175700505,993.2126410336921
2026-01-30,993.1399999999996,992.8299999999995,992.6920152296412,992.4228978413156,992.4506568851256
2026-02-02,992.8299999999995,992.5199999999995,992.7676874411139,992.2009117068826,992.3627974623233
2026-02-03,992.5199999999995,994.1399999999994,992.328234591219,991.6964624160432,991.7577462508744
2026-02-04,994.1399999999994,993.0899999999996,994.4268873737226,993.7011674699327,993.5969571489765
2026-02-05,993.0899999999996,991.4899999999996,993.2248972537295,992.5323606638832,992.7096752902979
2026-02-06,991.4899999999996,985.7199999999997,991.249621344415,990.8296583396805,990.8782807282297
2026-02-09,985.7199999999997,984.6299999999995,984.6814733143357,984.5798546123087,984.551840763351
2026-02-10,984.6299999999995,984.8499999999997,983.56012478944,983.4533306104474,983.4019911613931
2026-02-11,984.8499999999997,986.2299999999996,984.2158513560731,983.5473953214713,983.577490817685
2026-02-12,986.2299999999996,987.4699999999997,985.8893232129728,985.2535114701992,985.1611041097879
2026-02-13,987.4699999999997,980.0399999999997,987.5180400462749,987.2266152886515,987.1340427744191
2026-02-16,980.0399999999997,979.4299999999996,979.1124406822714,979.1021029711783,979.1644448818971
2026-02-17,979.4299999999996,982.8699999999995,978.6053046869572,978.4550868744096,978.527560431062
2026-02-18,982.8699999999995,982.3399999999995,983.3355487125298,982.0660142528311,982.2205191808979
2026-02-19,982.3399999999995,983.8199999999997,982.523185192029,981.6795144486496,981.8498756505342
2026-02-20,983.8199999999997,987.8999999999997,983.9507960461391,983.5590024385929,983.4736282633803
2026-02-23,987.8999999999997,985.9999999999998,989.5999604114841,989.2323339345045,989.2819095181538
2026-02-24,985.9999999999998,986.2399999999999,987.2285390345482,986.5859920003393,986.5510755991235
2026-02-25,986.2399999999999,985.6099999999999,986.9095997210941,986.5564955630351,986.3669831843864
2026-02-26,985.6099999999999,985.6799999999997,986.2137582946061,985.5618285126505,985.4158598324594
2026-02-27,985.6799999999997,983.9799999999998,986.0099086093002,985.463635102998,985.3515298671547
2026-03-02,983.9799999999998,985.3099999999997,984.0992149955081,983.2404649578049,983.6428836255533
2026-03-03,985.3099999999997,985.2799999999997,985.6646474813042,984.6363509528611,984.6959131526402
2026-03-04,985.2799999999997,984.6099999999998,985.7740556673554,984.673369471468,984.9109713733732
2026-03-05,984.6099999999998,986.6199999999999,984.8974753243303,983.9977942285436,984.1468796238825
2026-03-06,986.6199999999999,985.5699999999999,987.3795355051433,986.5151091818027,986.4116499099014
2026-03-09,985.5699999999999,986.5,986.2565604984339,985.3149563543949,985.3992499669484
2026-03-10,986.5,984.7599999999999,987.1814321786268,986.1582910496405,986.1796811179103
2026-03-11,984.7599999999999,987.1799999999998,985.1805540946685,984.1993957868673,984.4059243879392
2026-03-12,987.1799999999998,987.9299999999998,988.0022375632764,987.4332425931768,987.3466265050491
2026-03-13,987.9299999999998,985.405,988.965632272366,987.9713727656032,987.998386799322
2026-03-16,985.405,982.88,985.7710647146095,984.8942251991166,985.0569752808759
2026-03-17,982.88,981.31,982.727648895541,982.1283191287091,982.1099534752356
