year,month,usd_mxn,ice_no11,ice_no16,wti,brl_usd
2010,1,12.801855,,,78.32578947368421,1.7816526315789474
2010,2,12.942415789473685,,,76.38736842105263,1.8420052631578947
2010,3,12.573659090909091,,,81.20347826086957,1.7855391304347825
2010,4,12.23015,,,84.29285714285714,1.7567818181818182
2010,5,12.742823809523811,,,73.7435,1.814155
2010,6,12.719331818181816,,,75.3359090909091,1.8042
2010,7,12.818872727272726,,,76.31952380952382,1.7689000000000001
2010,8,12.769463636363637,,,76.59909090909092,1.7588954545454547
2010,9,12.799745,,,75.24190476190476,1.717990476190476
2010,10,12.437380952380952,,,81.89285714285714,1.68373
2010,11,12.33906,,,84.25285714285714,1.7131049999999999
2010,12,12.388491304347825,,,89.14590909090909,1.695485714285714
2011,1,12.125847619047619,,,89.1705,1.6745249999999998
2011,2,12.070321052631579,,,88.57842105263158,1.6663947368421053
2011,3,11.999172727272729,25.9,36.10913043478261,102.85652173913043,1.6573521739130437
2011,4,11.718399999999999,23.903,35.7595,109.5325,1.5833
2011,5,11.653295454545455,21.84095238095238,34.19809523809524,100.90047619047618,1.613609523809524
2011,6,11.806018181818182,24.92454545454545,35.12454545454545,96.26409090909091,1.5854090909090908
2011,7,11.672557142857142,29.471,37.8855,97.3035,1.56251
2011,8,12.231913043478261,28.87434782608696,39.60869565217391,86.33304347826088,1.5966391304347824
2011,9,13.04451904761905,26.63857142857143,39.28428571428571,85.51523809523809,1.749204761904762
2011,10,13.435004761904763,26.29857142857143,38.19714285714286,86.32238095238095,1.77027
2011,11,13.69929,24.51761904761905,38.10571428571429,97.16047619047619,1.7864200000000001
2011,12,13.768880952380952,23.4152380952381,36.55761904761905,98.56285714285715,1.839104761904762
2012,1,13.417777272727273,24.0205,35.356,100.2735,1.785035
2012,2,12.78306,23.416,33.986,102.204,1.7167999999999999
2012,3,12.756699999999999,23.78818181818182,33.48227272727273,106.15772727272729,1.7953000000000001
2012,4,13.069673684210526,22.477,31.929,103.321,1.852247619047619
2012,5,13.663381818181819,20.26545454545455,30.37,94.65454545454546,1.9810227272727274
2012,6,13.91920476190476,20.09809523809524,28.89190476190476,82.30333333333333,2.0481952380952384
2012,7,13.366081818181819,22.75714285714286,28.70857142857143,87.8952380952381,2.029552380952381
2012,8,13.184521739130433,20.56130434782609,28.83130434782609,94.13130434782609,2.0279434782608696
2012,9,12.939435,20.20631578947368,25.76315789473684,94.51368421052632,2.026857894736842
2012,10,12.891,20.38869565217391,24.15434782608696,89.4913043478261,2.0297318181818182
2012,11,13.0746,19.31333333333333,22.70809523809524,86.53142857142858,2.06622
2012,12,12.87047894736842,19.202,22.5645,87.8595,2.07746
2013,1,12.699,18.84571428571429,22.59380952380952,94.75666666666667,2.028109523809524
2013,2,12.722884210526317,18.20789473684211,21.84526315789474,95.30894736842104,1.9729315789473685
2013,3,12.524722222222222,18.339,21.5355,92.9385,1.9842142857142857
2013,4,12.20504090909091,17.66227272727273,20.73045454545455,92.02136363636363,2.001109090909091
2013,5,12.311486363636364,17.42636363636364,20.30863636363636,94.50954545454546,2.036472727272727
2013,6,12.959575000000001,16.956,19.609,95.77250000000001,2.1733599999999997
2013,7,12.76585652173913,17.09636363636364,20.46272727272727,104.67090909090908,2.2518318181818184
2013,8,12.91780909090909,17.24409090909091,21.35954545454545,106.57272727272726,2.340790909090909
2013,9,13.075905,17.619,21.581,106.2895,2.264105
2013,10,12.999217391304349,18.81260869565217,22.19391304347826,100.53826086956522,2.1882227272727275
2013,11,13.079555,17.7485,21.6065,93.864,2.295936842105263
2013,12,13.00755,16.5447619047619,20.74809523809524,97.6252380952381,2.347095238095238
2014,1,13.223022727272728,15.70761904761905,21.57809523809524,94.61714285714285,2.3857809523809523
2014,2,13.280778947368422,16.88526315789474,22.59631578947368,100.81736842105263,2.3792
2014,3,13.195085,17.88809523809524,23.01190476190476,100.80380952380953,2.3250523809523806
2014,4,13.070834999999999,18.2147619047619,24.65,102.06904761904761,2.2324727272727274
2014,5,12.924733333333332,18.24047619047619,25.15857142857143,102.17714285714285,2.2195095238095237
2014,6,12.995761904761904,18.24190476190476,25.96,105.7942857142857,2.2360190476190476
2014,7,12.990443478260868,18.73045454545455,26.14863636363636,103.58863636363638,2.2242136363636362
2014,8,13.140638095238094,17.7247619047619,26.53714285714286,96.53619047619047,2.2685190476190478
2014,9,13.235204761904763,16.54428571428571,26.69142857142857,93.21190476190476,2.3378809523809525
2014,10,13.476252173913043,16.47565217391304,26.60826086956522,84.39695652173914,2.449531818181818
2014,11,13.621605263157894,15.87894736842105,24.60052631578947,75.78947368421052,2.5527277777777777
2014,12,14.512895238095238,14.99227272727273,24.80636363636364,59.29045454545455,2.6418857142857144
2015,1,14.692585714285716,15.0625,25.24,47.219,2.63462
2015,2,14.921342105263157,14.51210526315789,24.62315789473684,50.58421052631579,2.8169894736842105
2015,3,15.228338095238096,12.84090909090909,24.39818181818182,47.82363636363636,3.1413727272727274
2015,4,15.22618,12.91095238095238,24.38714285714286,54.45285714285714,3.042090909090909
2015,5,15.26447,12.7035,24.7195,59.265,3.056205
2015,6,15.483036363636364,12.11363636363636,24.76,59.819545454545455,3.111690909090909
2015,7,15.939582608695654,11.87863636363636,24.67227272727273,50.90090909090909,3.228809090909091
2015,8,16.536757142857144,10.6747619047619,24.50047619047619,42.86761904761905,3.515433333333333
2015,9,16.857761904761908,12.13714285714286,24.4347619047619,45.47952380952381,3.903219047619048
2015,10,16.564004545454544,14.14181818181818,25.03818181818182,46.22363636363636,3.875238095238095
2015,11,16.63568947368421,14.843,25.5565,42.4435,3.7857684210526314
2015,12,17.066622727272726,14.76272727272727,25.6,37.18863636363636,3.8808363636363636
2016,1,18.072775,14.29105263157895,25.75894736842105,31.683157894736844,4.05558947368421
2016,2,18.4731,13.314,25.4775,30.323,3.964385
2016,3,17.649045,15.43045454545455,26.32318181818182,37.54636363636364,3.698021739130435
2016,4,17.48767619047619,14.99809523809524,27.89238095238095,40.7552380952381,3.5634476190476194
2016,5,18.154186363636367,16.68428571428571,27.26333333333333,46.712380952380954,3.540304761904762
2016,6,18.65296818181818,19.33727272727273,27.61045454545455,48.75727272727273,3.4234454545454542
2016,7,18.601442857142857,19.687,28.1465,44.6515,3.2781399999999996
2016,8,18.474865217391304,20.01434782608696,28.60869565217391,44.72434782608696,3.2085521739130436
2016,9,19.192409523809523,21.35238095238095,27.95285714285714,45.18238095238095,3.2531809523809523
2016,10,18.892414285714285,22.91666666666667,28.53761904761905,49.775238095238095,3.185395
2016,11,20.118465,20.86857142857143,28.75904761904762,45.66095238095238,3.3368900000000004
2016,12,20.52057619047619,18.83,29.24857142857143,51.9704761904762,3.353966666666667
2017,1,21.385272727272728,20.5375,29.4435,52.504,3.190084210526316
2017,2,20.29053684210526,20.40578947368421,30.54315789473684,53.46842105263158,3.105726315789474
2017,3,19.30102727272727,18.0595652173913,29.95173913043478,49.32782608695652,3.1275304347826087
2017,4,18.78748333333333,16.31684210526316,28.70157894736842,51.060526315789474,3.138995
2017,5,18.755663636363636,15.68909090909091,28.42045454545455,48.47636363636364,3.204277272727273
2017,6,18.132613636363637,13.53,27.80909090909091,45.177727272727275,3.2953954545454547
2017,7,17.828338095238095,14.119,26.731,46.630526315789474,3.19941
2017,8,17.807030434782607,13.79608695652174,25.07260869565217,48.03695652173913,3.147791304347826
2017,9,17.835652380952382,13.931,26.9495,49.822,3.132515
2017,10,18.816095454545454,14.23181818181818,27.08590909090909,51.57772727272727,3.1922666666666664
2017,11,18.915785,14.96666666666667,27.28619047619048,56.63857142857143,3.26293
2017,12,19.181221052631578,14.4325,26.903,57.8815,3.2949600000000006
2018,1,18.90739090909091,13.97952380952381,26.58666666666667,63.698571428571434,3.211523809523809
2018,2,18.644936842105263,13.57263157894737,25.66842105263158,62.22947368421052,3.2506526315789475
2018,3,18.630842105263156,12.82571428571429,24.72761904761905,62.724761904761905,3.2789681818181817
2018,4,18.387185714285714,11.82428571428571,24.81285714285714,66.25380952380952,3.4088857142857143
2018,5,19.590995454545453,11.82727272727273,24.595,69.97818181818182,3.6316
2018,6,20.3032,12.06190476190476,25.61904761904762,67.87333333333333,3.7710476190476188
2018,7,19.009518181818184,11.1552380952381,25.54428571428571,70.98142857142857,3.8220952380952378
2018,8,18.85750869565217,10.45521739130435,25.65869565217391,68.05565217391305,3.9333217391304345
2018,9,19.015430000000002,10.78368421052632,25.39684210526316,70.2321052631579,4.108747368421052
2018,10,19.185865217391303,13.18478260869565,25.20086956521739,70.74869565217391,3.7611136363636364
2018,11,20.26117,12.79238095238095,25.04190476190476,56.963499999999996,3.7859499999999997
2018,12,20.11117894736842,12.5535,25.2265,49.522777777777776,3.8833555555555557
2019,1,19.1651,12.68095238095238,25.5652380952381,51.37571428571429,3.735565
2019,2,19.20487894736842,12.92894736842105,25.76631578947368,54.95473684210527,3.7244333333333333
2019,3,19.24774,12.47380952380952,26.22714285714286,58.151428571428575,3.840747619047619
2019,4,18.986349999999998,12.53571428571429,26.86904761904762,63.862380952380946,3.8974227272727275
2019,5,19.119654545454548,11.825,26.36090909090909,60.82681818181818,3.991490909090909
2019,6,19.27447,12.4395,26.365,54.657500000000006,3.855685
2019,7,19.05339565217391,12.12863636363636,25.65818181818182,57.35809523809524,3.7785136363636367
2019,8,19.685040909090908,11.55545454545455,25.79045454545455,54.80590909090909,4.021968181818182
2019,9,19.586505,11.158,25.637,56.947,4.1195
2019,10,19.324182608695654,12.45739130434783,26.02782608695652,53.96304347826087,4.082545454545454
2019,11,19.332475,12.687,27.244,57.048947368421054,4.155794736842105
2019,12,19.107085,13.3352380952381,25.91,59.81666666666667,4.104485714285714
2020,1,18.804018181818183,14.16666666666667,25.89809523809524,57.519047619047626,4.151161904761905
2020,2,18.844321052631578,15.07105263157895,26.59789473684211,50.54263157894737,4.3470157894736845
2020,3,22.3784,11.805,27.09454545454545,29.207727272727276,4.8862
2020,4,24.26584,10.05190476190476,26.06619047619048,16.547619047619047,5.317140909090909
2020,5,23.42302,10.641,25.851,28.5625,5.639445
2020,6,22.29895909090909,11.82818181818182,25.97954545454545,38.307272727272725,5.188413636363636
2020,7,22.40328260869565,11.90181818181818,26.61818181818182,40.710454545454546,5.273518181818182
2020,8,22.207161904761907,12.81428571428571,27.4352380952381,42.33904761904762,5.468533333333333
2020,9,21.680980952380953,12.44142857142857,26.84619047619048,39.63428571428571,5.399971428571429
2020,10,21.270500000000002,14.28772727272727,27.38863636363636,39.39590909090909,5.6253
2020,11,20.381915789473684,14.9335,29.3285,40.93736842105263,5.448211111111111
2020,12,19.96507727272727,14.66772727272727,28.36363636363636,47.025,5.144695238095238
2021,1,19.921475,15.91631578947368,28.78947368421053,52.008421052631576,5.367288888888889
2021,2,20.309731578947368,17.00052631578947,29.62315789473684,59.04631578947369,5.4131526315789475
2021,3,20.75545,15.80565217391304,30.47782608695652,62.333043478260876,5.635117391304347
2021,4,20.015285,16.23761904761905,31.29333333333333,61.71666666666666,5.568563636363636
2021,5,19.963128571428573,17.20333333333333,32.41666666666667,65.1695,5.28523
2021,6,20.03006818181818,17.21409090909091,33.04681818181818,71.37818181818182,5.028536363636364
2021,7,19.97010909090909,17.7147619047619,36.14,72.4852380952381,5.161095238095238
2021,8,20.076136363636365,19.38363636363636,35.19727272727273,67.73045454545455,5.248695454545454
2021,9,20.048690476190476,19.26428571428571,35.73619047619048,71.64619047619047,5.278995238095239
2021,10,20.462557142857143,19.61904761904762,37.19142857142857,81.47666666666666,5.54163
2021,11,20.900425,19.74619047619048,37.12,79.14750000000001,5.56676
2021,12,20.89184347826087,19.16727272727273,36.70954545454545,71.71181818181819,5.65487619047619
2022,1,20.49777142857143,18.461,35.4835,83.22200000000001,5.530044999999999
2022,2,20.44952105263158,18.20315789473684,35.37526315789474,91.64105263157894,5.1983999999999995
2022,3,20.556209090909093,19.10782608695652,36.33086956521739,108.50260869565217,4.976395652173913
2022,4,20.108805263157894,19.69904761904762,36.87714285714286,101.7775,4.754719047619047
2022,5,20.030527272727273,19.28090909090909,36.37136363636364,109.55238095238094,4.961490476190476
2022,6,20.023736363636363,18.79409090909091,35.98272727272727,114.83714285714285,5.0476809523809525
2022,7,20.546723809523808,18.34,34.85,101.619,5.368245
2022,8,20.120930434782608,18.06260869565217,35.48391304347826,93.66521739130435,5.140413043478261
2022,9,20.07502380952381,18.18590909090909,34.97272727272727,84.25809523809524,5.243566666666667
2022,10,19.98454285714286,18.30095238095238,34.59428571428571,87.5547619047619,5.252105
2022,11,19.444915,19.40590909090909,35.98318181818182,84.37047619047618,5.26803
2022,12,19.592961904761903,20.065,36.51772727272727,76.43714285714286,5.245442857142858
2023,1,18.986336363636365,19.94318181818182,36.48318181818182,78.123,5.192175000000001
2023,2,18.59856842105263,21.4035,36.8865,76.83263157894737,5.180815789473685
2023,3,18.374904545454545,20.96173913043478,37.88260869565217,73.27782608695652,5.208626086956522
2023,4,18.085494444444446,24.582,41.1725,79.44631578947369,5.021520000000001
2023,5,17.7373,25.7295652173913,42.51521739130435,71.57818181818182,4.981272727272727
2023,6,17.241204545454544,24.76227272727273,41.25136363636364,70.24809523809525,4.8537333333333335
2023,7,16.904938095238094,24.00809523809524,38.62428571428571,76.0695,4.80048
2023,8,16.976643478260872,24.19304347826087,40.49869565217391,81.38608695652174,4.901226086956521
2023,9,17.307690476190476,26.56380952380952,42.5552380952381,89.425,4.938665
2023,10,18.082331818181817,26.90363636363636,44.22818181818182,85.63952380952381,5.055871428571429
2023,11,17.376695,27.30954545454545,44.74272727272727,77.685,4.898025
2023,12,17.18598947368421,22.14571428571429,39.95761904761905,71.9,4.8998
2024,1,17.08731818181818,22.47478260869565,39.92695652173913,74.15238095238095,4.918242857142857
2024,2,17.089775,23.34190476190476,41.58380952380952,77.249,4.960875
2024,3,16.791788888888888,21.76904761904762,39.96095238095238,81.27799999999999,4.979804761904762
2024,4,16.81044090909091,20.64727272727273,39.54772727272727,85.34727272727274,5.129981818181818
2024,5,16.793563636363636,18.7995652173913,37.62521739130435,80.02454545454545,5.136790909090909
2024,6,18.21737,19.1695,37.5755,79.76736842105262,5.3860947368421055
2024,7,18.111691304347826,19.35173913043478,37.86608695652174,81.80045454545454,5.543781818181818
2024,8,19.151481818181818,18.41954545454545,35.63181818181818,76.68318181818182,5.551745454545455
2024,9,19.631629999999998,20.6247619047619,36.27142857142857,70.236,5.537834999999999
2024,10,19.70618181818182,22.35521739130435,37.93217391304348,71.985,5.627781818181818
2024,11,20.34549,21.6552380952381,38.10666666666667,69.95,5.796057894736842
2024,12,20.266055,20.31181818181818,36.63863636363636,70.11809523809524,6.1009714285714285
2025,1,20.54901818181818,18.93,36.06434782608696,75.74249999999999,6.010880952380952
2025,2,20.457136842105264,20.1855,37.3875,71.53315789473685,5.763831578947368
2025,3,20.241745,19.05619047619048,37.41095238095238,68.23904761904762,5.75807619047619
2025,4,20.056355,18.17181818181818,37.43636363636364,63.53666666666667,5.790545454545454
2025,5,19.43549523809524,17.43136363636364,36.85272727272727,62.16761904761905,5.666428571428572
2025,6,19.029980952380953,16.22619047619048,35.20380952380952,68.16900000000001,5.545775
2025,7,18.690930434782608,16.36478260869565,36.13347826086957,68.39090909090909,5.533204545454546
2025,8,18.70632857142857,16.38952380952381,36.92190476190476,64.86428571428571,5.4454666666666665
2025,9,18.499009523809523,15.79,36.09318181818182,63.959047619047624,5.362985714285714
2025,10,18.429582608695654,15.55869565217391,34.75,60.89454545454546,5.383154545454546
2025,11,18.418484210526316,14.623,33.6075,60.06222222222222,5.341483333333333
2025,12,18.07389523809524,14.935,33.17227272727273,57.972272727272724,5.455709090909091
2026,1,17.6449,14.78590909090909,33.37454545454545,60.037,5.33162
2026,2,17.22276842105263,14.78590909090909,33.37454545454545,64.50842105263159,5.198805263157895
2026,3,17.677958333333333,14.78590909090909,33.37454545454545,85.86181818181818,5.221690000000001
