date,actual_today,actual_target,ridge,random_forest,gradient_boosting
2022-11-02,1120.9024760449506,1121.5490262137903,1121.96434083659,1121.3563524690928,1121.4928063276086
2022-11-03,1121.5490262137903,1120.5666709184993,1123.2419086459652,1121.6723272122524,1122.1019562857687
2022-11-04,1120.5666709184993,1123.3433282327408,1121.0620081008492,1120.6429337683549,1120.629874034806
2022-11-07,1123.3433282327408,1118.8124650340508,1123.909946119532,1123.6971922575212,1123.7767812988047
2022-11-08,1118.8124650340508,1117.1584994858565,1119.4890303090647,1118.535368022257,1118.8340099197007
2022-11-09,1117.1584994858565,1120.0754932708542,1117.6318647865087,1116.9942732113807,1116.99259531036
2022-11-10,1120.0754932708542,1122.0602519286872,1119.8596927184071,1119.9782095431835,1119.9535602584472
2022-11-11,1122.0602519286872,1124.2053951245273,1122.4215356098077,1122.2233686280108,1122.2277056020537
2022-11-14,1124.2053951245273,1124.5061161332899,1124.4445789602228,1124.1763957737635,1124.1200095437873
2022-11-15,1124.5061161332899,1128.325272944575,1124.6727372801186,1124.6398833973751,1124.6202086229753
2022-11-16,1128.325272944575,1128.3453210118262,1129.0414515180898,1128.507459226781,1128.6779461657984
2022-11-17,1128.3453210118262,1127.3830137837858,1129.1732397355113,1128.7773300078948,1128.9647329857928
2022-11-18,1127.3830137837858,1127.117376892712,1128.3521950216978,1127.5711849164834,1127.5078681987065
2022-11-21,1127.117376892712,1126.8517400016385,1127.2757072701147,1127.0781836262393,1127.05735175003
2022-11-22,1126.8517400016385,1126.8517400016385,1127.6842499186812,1126.803462133336,1126.7595788383487
2022-11-23,1126.8517400016385,1129.14724370186,1126.9494574126459,1126.80338246041,1126.809716150045
2022-11-24,1129.14724370186,1129.5181329460004,1128.8066283136409,1129.0881411635216,1129.0809588986585
2022-11-25,1129.5181329460004,1131.633204040964,1129.67888792621,1129.492227209917,1129.5590497873943
2022-11-28,1131.633204040964,1132.1945499239876,1131.7819481626177,1131.7358422596421,1131.7326951888153
2022-11-29,1132.1945499239876,1131.8136366462215,1132.767154466173,1132.394940821294,1132.3819855587756
2022-11-30,1131.8136366462215,1134.6404141285902,1132.1670966373601,1131.7060871271883,1131.734634275629
2022-12-01,1134.6404141285902,1134.6404141285902,1134.7139227703585,1134.9019010605468,1134.8490666435412
2022-12-02,1134.6404141285902,1136.8256534589318,1135.2642495206408,1134.9252089345107,1134.9718705935472
2022-12-05,1136.8256534589318,1137.1764946358217,1137.1716948415212,1137.0990813918827,1137.0639928037053
2022-12-06,1137.1764946358217,1146.0176922934425,1137.74035665292,1137.4860111386945,1137.4903632684136
2022-12-07,1146.0176922934425,1144.4739911151278,1146.5877554834844,1146.3035038154053,1145.7607339571362
2022-12-08,1144.4739911151278,1142.1584393476558,1145.8247890508285,1145.27866910732,1145.6911201786988
2022-12-09,1142.1584393476558,1139.8228395129327,1143.796480393082,1142.4440995883822,1142.8669593198936
2022-12-12,1139.8228395129327,1132.1243816886101,1140.463917440354,1139.9290284671317,1139.9276258789257
2022-12-13,1132.1243816886101,1140.0533922863176,1133.7369577716183,1132.1739783311784,1132.4518890320337
2022-12-14,1140.0533922863176,1140.895411110853,1138.9501534411706,1139.5284722410395,1139.4016456666143
2022-12-15,1140.895411110853,1140.755074640097,1140.7826321552802,1141.1388485491432,1140.1605678529768
2022-12-16,1140.755074640097,1140.1736806898227,1141.3830780237795,1140.911781806777,1141.369288877245
2022-12-19,1140.1736806898227,1141.9078385070204,1140.1734252965841,1140.1410236853353,1140.1936776205605
2022-12-20,1141.9078385070204,1141.5469732965053,1142.4922494382142,1142.3618432907501,1142.675636992528
2022-12-21,1141.5469732965053,1141.9880307760236,1140.4440342928572,1141.1769834425183,1141.3359772943625
2022-12-22,1141.9880307760236,1141.9880307760236,1142.007443704293,1141.9608712161855,1141.974434640771
2022-12-23,1141.9880307760236,1140.1235605216955,1142.0737174245637,1141.974500438631,1141.999893671276
2022-12-26,1140.1235605216955,1145.2759138051615,1140.4660342783038,1140.0430541275944,1140.0861986238688
2022-12-27,1145.2759138051615,1148.3733401954164,1145.3879572475284,1145.3963784031407,1145.6916295066749
2022-12-28,1148.3733401954164,1148.3232200272892,1147.9045998582044,1148.0073024810017,1148.3481866556658
2022-12-29,1148.3232200272892,1154.0970633955314,1149.0728690112883,1148.4588642677895,1148.5834050112626
2022-12-30,1154.0970633955314,1152.4430978473372,1154.5751155983291,1153.941580981924,1154.0837064569794
2023-01-02,1152.4430978473372,1157.475162727298,1154.1655979312263,1153.268596491984,1153.523486381823
2023-01-03,1157.475162727298,1154.9591302873175,1158.057376996733,1157.819346362746,1158.4803137297479
2023-01-04,1154.9591302873175,1150.3079786851222,1156.2095998240309,1155.5113410191336,1155.4473774774374
2023-01-05,1150.3079786851222,1142.8901938023112,1151.8187284877304,1150.357732391353,1150.4023011327372
2023-01-06,1142.8901938023112,1151.5710069219253,1143.7333359338784,1142.7104633366164,1142.70101681854
2023-01-09,1151.5710069219253,1164.5120343323429,1151.5341022274038,1151.5208377078359,1151.3656094677503
2023-01-10,1164.5120343323429,1160.4122045795461,1163.7604786526922,1164.4988269205066,1163.5683091862643
2023-01-11,1160.4122045795461,1162.2466027329976,1162.6915147805792,1161.114891281078,1162.4158876021331
2023-01-12,1162.2466027329976,1164.7225390384767,1164.1742439067773,1162.6412999843108,1163.3506881421015
2023-01-13,1164.7225390384767,1169.8047240865646,1166.2564859251668,1166.463922487829,1166.9262583491393
2023-01-16,1169.8047240865646,1173.9646980411142,1171.1925221044908,1170.9742868646085,1170.848955678946
2023-01-17,1173.9646980411142,1172.3708766946722,1174.1911336810904,1174.8994965269533,1174.5824062498652
2023-01-18,1172.3708766946722,1176.5709467837235,1174.9297504361934,1173.6199199544947,1173.7156014995028
2023-01-19,1176.5709467837235,1178.3752728362992,1178.347763000385,1178.299182010344,1178.2801776908357
2023-01-20,1178.3752728362992,1172.3708766946722,1180.5345243534284,1180.1917585943158,1180.6527638682908
2023-01-23,1172.3708766946722,1166.3263844185437,1173.334858141954,1172.698399716912,1172.8795619616171
2023-01-24,1166.3263844185437,1168.5617439170123,1166.2466292557906,1166.1438548057195,1165.6875870496167
2023-01-25,1168.5617439170123,1167.4390521509654,1169.3814596611023,1168.5525102260638,1168.4382871106727
2023-01-26,1167.4390521509654,1170.8271755163573,1167.6203641405111,1167.7225993007648,1167.9333444101599
2023-01-27,1170.8271755163573,1170.8271755163573,1170.0401774201948,1170.8874600895845,1170.8553620416305
2023-01-30,1170.8271755163573,1170.6567669447252,1170.5218844227318,1171.0238891083295,1171.0214725567982
2023-01-31,1170.6567669447252,1164.1311210545766,1170.9652882900068,1170.7806425502183,1170.6911461482168
2023-02-01,1164.1311210545766,1167.8801096304837,1164.8818982679377,1164.1311373265146,1164.2873289329207
2023-02-02,1167.8801096304837,1166.6972736626844,1167.287004973531,1167.6460492441724,1167.4209996679363
2023-02-03,1166.6972736626844,1170.005204759073,1166.3479097663123,1166.6533972611337,1166.7496184903744
2023-02-06,1170.005204759073,1173.3131358554615,1170.2998762225352,1169.9828545989526,1170.0015836093723
2023-02-07,1173.3131358554615,1159.5902338222609,1173.6249106134194,1172.9216996497673,1172.9627998108367
2023-02-08,1159.5902338222609,1158.9186235693578,1161.6706094936246,1159.5063083517268,1160.0172496798796
2023-02-09,1158.9186235693578,1159.971147100027,1158.8254369746737,1158.3785505470044,1158.6276484221949
2023-02-10,1159.971147100027,1157.8059558369362,1159.4802137527113,1159.2244743211793,1158.3176235899198
2023-02-13,1157.8059558369362,1157.5553549963008,1157.986335662634,1157.4208907105672,1157.4414958557904
2023-02-14,1157.5553549963008,1158.7281669304753,1155.8312681723523,1156.950469353151,1157.038117426921
2023-02-15,1158.7281669304753,1158.8384313003548,1158.9810292714387,1158.5400175307807,1158.8943355738618
2023-02-16,1158.8384313003548,1158.8785274348566,1158.0151389188209,1158.5947684847295,1158.670821959729
2023-02-17,1158.8785274348566,1163.820376012189,1158.299802647653,1158.74319525664,1158.7857671247766
2023-02-20,1163.820376012189,1177.3528214065066,1163.089005748551,1163.3247667571777,1163.522790451073
2023-02-21,1177.3528214065066,1178.776234181316,1177.2808979147019,1178.5261347267522,1178.0826313997723
2023-02-22,1178.776234181316,1178.6759938450618,1182.35886437267,1180.6531854199063,1180.9417371146073
2023-02-23,1178.6759938450618,1179.1370993918313,1181.4122915871644,1179.793614461952,1179.8700512702558
2023-02-24,1179.1370993918313,1178.0244316594096,1181.1205022467038,1180.318670003704,1180.6413526755414
2023-02-27,1178.0244316594096,1167.9703259331131,1179.5681411944715,1178.8458582830058,1178.8873259836212
2023-02-28,1167.9703259331131,1167.829989462357,1169.17826267445,1167.7316474566733,1167.7152857294998
2023-03-01,1167.829989462357,1170.8973437517357,1167.973086730994,1167.8558288149927,1167.774128669386
2023-03-02,1170.8973437517357,1170.7269351801037,1170.7357231821852,1170.596173401645,1169.6900286357495
2023-03-03,1170.7269351801037,1176.8115235907337,1170.9437478790455,1170.797616939833,1170.8305559162688
2023-03-06,1176.8115235907337,1177.6435183816436,1175.7706930445738,1176.3168841505121,1176.2928540428563
2023-03-07,1177.6435183816436,1193.1506984001692,1177.7058116380665,1178.5462499833654,1177.7171700221552
2023-03-08,1193.1506984001692,1182.9462321694912,1194.0214535895345,1195.6019002322046,1195.281454734217
2023-03-09,1182.9462321694912,1186.01358645887,1186.1439443334793,1184.6852034540923,1184.8930285447088
2023-03-10,1186.01358645887,1184.3395728434245,1187.9189174535816,1186.7854575201404,1187.3690163902072
2023-03-13,1184.3395728434245,1185.4522405758462,1185.428568854499,1184.4165539293924,1183.00958194143
2023-03-14,1185.4522405758462,1195.9574278152866,1187.9524826697962,1186.0299857125142,1186.3140021291722
2023-03-15,1195.9574278152866,1197.681561598859,1194.8453121696089,1195.3224879484935,1194.232070657952
2023-03-16,1197.681561598859,1197.9622345403704,1199.7855442970867,1199.203048282852,1199.0465363323342
2023-03-17,1197.9622345403704,1198.022378742123,1199.8768787427007,1198.9157931743987,1198.9566399429505
2023-03-20,1198.022378742123,1198.0825229438756,1199.2192801857145,1198.933955429213,1198.8665582940841
2023-03-21,1198.0825229438756,1208.5175419479383,1199.3169652189238,1199.06942365682,1199.082409446573
2023-03-22,1208.5175419479383,1210.1915555633836,1207.213913516094,1209.785354834427,1207.7650133837235
2023-03-23,1210.1915555633836,1212.6674918688627,1213.0456146475467,1212.074905097795,1212.4730102330477
2023-03-24,1212.6674918688627,1213.8503278366622,1214.6710690952082,1214.200374877216,1214.5405642219052
2023-03-27,1213.8503278366622,1216.4766246465224,1216.116032732528,1215.863331241716,1215.819416310808
2023-03-28,1216.4766246465224,1221.8996268378748,1218.434987976861,1218.710598290818,1218.6069004989852
2023-03-29,1221.8996268378748,1240.6245216501602,1221.983476268275,1223.8279218023872,1223.371409834834
2023-03-30,1240.6245216501602,1246.4986053546565,1242.3918682122692,1244.1617959770138,1243.2698899956172
2023-03-31,1246.4986053546565,1247.751609557834,1250.9971435641298,1250.8399404229249,1250.622792517612
2023-04-03,1247.751609557834,1255.6906441891672,1252.8781977052909,1250.9423244061124,1249.73384174991
2023-04-04,1255.6906441891672,1266.8072974797583,1259.6598343846122,1259.5669430871715,1257.7787110097318
2023-04-05,1266.8072974797583,1264.2277794934837,1270.0109665273415,1270.999832815898,1269.1968799649715
2023-04-06,1264.2277794934837,1261.6482615072086,1268.205047452768,1267.9030045525733,1267.6840968769484
2023-04-07,1261.6482615072086,1259.0687435209338,1265.0366857182953,1264.155567249443,1263.862249548142
2023-04-10,1259.0687435209338,1270.78683882905,1261.7357801405878,1261.2393180818303,1261.359765991476
2023-04-11,1270.78683882905,1271.9696747968499,1271.720251827423,1273.2327678898957,1272.5620790402988
2023-04-12,1271.9696747968499,1264.6020100821656,1273.2062894990054,1273.4425557035534,1273.2881136122462
2023-04-13,1264.6020100821656,1264.2311208380254,1265.9063330969393,1265.9864586672397,1264.7812820289607
2023-04-14,1264.2311208380254,1278.9664502673936,1265.1749360935337,1265.5042173434647,1265.2186745277127
2023-04-17,1278.9664502673936,1278.8060657293868,1279.8111192106307,1280.4967470393528,1279.8371834984407
2023-04-18,1278.8060657293868,1287.5770951516297,1279.9963081071428,1279.8795879511456,1279.9504772576402
2023-04-19,1287.5770951516297,1290.9050743152693,1288.4707370084052,1288.6856747226973,1287.5782578939588
2023-04-20,1290.9050743152693,1293.9323324701463,1294.3848377236682,1293.1507297749356,1293.0045935280825
2023-04-21,1293.9323324701463,1306.3922062665438,1297.6160339233913,1296.1925332980345,1295.8752306206923
2023-04-24,1306.3922062665438,1306.803191645186,1308.142139764388,1309.0428962821675,1308.111037031116
2023-04-25,1306.803191645186,1315.5842451010542,1309.675889942248,1309.0944847009846,1308.4300094973164
2023-04-26,1315.5842451010542,1321.4483047719252,1318.2273011074853,1318.292126848568,1317.4552099203088
2023-04-27,1321.4483047719252,1325.828807466234,1325.49572588263,1324.4500207443725,1324.017980623777
2023-04-28,1325.828807466234,1327.4376648631137,1329.8956189722426,1329.1028733266874,1328.5274406062063
2023-05-01,1327.4376648631137,1329.0465222599937,1329.7228416955006,1330.5887240104475,1329.0633058109688
2023-05-02,1329.0465222599937,1325.4679422557185,1333.0181318613518,1332.4200535588532,1332.1581380741065
2023-05-03,1325.4679422557185,1347.4506479962658,1327.69251324564,1328.0861598692832,1327.6878340875712
2023-05-04,1347.4506479962658,1364.6318416302365,1348.9233585086658,1351.4623879953338,1349.8951400242925
2023-05-05,1364.6318416302365,1381.8130352642067,1368.9143617839684,1370.3781199203017,1370.6433632472615
2023-05-08,1381.8130352642067,1378.6354166049484,1388.085576796755,1388.1021035938693,1391.4480615522057
2023-05-09,1378.6354166049484,1384.0985149308026,1387.8143376684827,1384.867493906166,1388.0193889411462
2023-05-10,1384.0985149308026,1382.1438283738455,1391.6175557328293,1389.128953695321,1388.425459571881
2023-05-11,1382.1438283738455,1382.1438283738455,1386.976935278074,1386.4777476353709,1386.0333188310967
2023-05-12,1382.1438283738455,1388.2685129189776,1385.6161024537312,1385.7987685442117,1384.9503733092965
2023-05-15,1388.2685129189776,1403.3145873907338,1390.0197725001146,1390.2963149937345,1389.3674085277285
2023-05-16,1403.3145873907338,1403.3145873907338,1406.893488645987,1407.448283454058,1406.2111907700416
2023-05-17,1403.3145873907338,1403.875933273757,1408.765642744215,1406.636816486682,1406.5500436343534
2023-05-18,1403.875933273757,1406.3819416801123,1407.044293628984,1406.4928137171655,1405.2674923573702
2023-05-19,1406.3819416801123,1406.6525905879987,1408.967911619684,1409.1836998964948,1407.6944982463283
2023-05-22,1406.6525905879987,1407.7652583204201,1408.5149933133637,1409.785945403221,1407.9788302188601
2023-05-23,1407.7652583204201,1413.1682124445217,1409.8299149174265,1409.8650946676803,1409.355926560314
2023-05-24,1413.1682124445217,1425.2070768286517,1414.8337114345559,1415.5239804558107,1415.0859731543426
2023-05-25,1425.2070768286517,1419.9244111080552,1428.0715984560031,1427.9025820638938,1427.0488689486792
2023-05-26,1419.9244111080552,1428.4348156560372,1424.222039460991,1422.8258262211184,1423.2669413706146
2023-05-29,1428.4348156560372,1436.3738502873705,1430.932639104245,1430.8123806388576,1430.093317255278
2023-05-30,1436.3738502873705,1439.7920457536388,1438.2881550501124,1439.1277448695448,1437.1286546831661
2023-05-31,1439.7920457536388,1446.608388618925,1444.0125529655722,1443.1673437313316,1443.422006050664
2023-06-01,1446.608388618925,1455.8104514870606,1449.5231499655981,1449.3347688220058,1448.0411948906885
2023-06-02,1455.8104514870606,1462.2358570409551,1460.1655293942842,1460.1727786553192,1459.2767612895584
2023-06-05,1462.2358570409551,1466.7466721723943,1466.8849280545119,1466.6445639506892,1465.881162685624
2023-06-06,1466.7466721723943,1488.7895221146937,1471.4239098532344,1471.1881110001116,1470.694200073621
2023-06-07,1488.7895221146937,1504.286678099594,1492.93923084625,1494.9115580345199,1493.1703500211327
2023-06-08,1504.286678099594,1510.3111223084716,1510.2389728016271,1511.1990327796739,1512.3985380974848
2023-06-09,1510.3111223084716,1508.4566760877688,1519.5637976659714,1517.3890743098857,1520.309280331212
2023-06-12,1508.4566760877688,1517.9193638301658,1516.0803514907702,1514.2475417461378,1512.0240926261265
2023-06-13,1517.9193638301658,1526.509960647151,1523.8500387194551,1523.933605226332,1522.6762619255733
2023-06-14,1526.509960647151,1528.4546231704828,1531.2932663341132,1532.3299421866107,1531.3483129928818
2023-06-15,1528.4546231704828,1530.1085887186773,1533.4414265492142,1533.598732697755,1533.1842674289842
2023-06-16,1530.1085887186773,1531.221256451099,1534.4445770586842,1534.1917521145463,1532.9296744764742
2023-06-19,1531.221256451099,1534.8399325898758,1535.7414613382214,1535.2281490767432,1534.3904455406043
2023-06-20,1534.8399325898758,1536.584114440699,1538.024452776649,1538.932548830566,1537.821312917299
2023-06-21,1536.584114440699,1539.8920455370878,1537.7284149130446,1539.0016619944781,1537.1441972441883
2023-06-22,1539.8920455370878,1532.845149898417,1541.739296437207,1542.747619784138,1541.7326601743396
2023-06-23,1532.845149898417,1520.03443492513,1535.9137183113119,1534.8478665356304,1535.0516521784855
2023-06-26,1520.03443492513,1544.0720675588882,1524.0128270161683,1520.6531927956416,1521.0574948650549
2023-06-27,1544.0720675588882,1543.1899525998513,1543.0822631898104,1544.2926162644692,1543.3228597506074
2023-06-28,1543.1899525998513,1544.6434374755374,1545.7424656382507,1544.3095330040267,1543.1837179169538
2023-06-29,1544.6434374755374,1544.1121636933901,1547.6149697872956,1545.2270256205738,1545.1848764458691
2023-06-30,1544.1121636933901,1542.6085586495772,1546.7435363921104,1545.6815021888106,1545.2395293388154
2023-07-03,1542.6085586495772,1547.0492055456382,1545.603180360605,1544.6391777788056,1544.4149304326875
2023-07-04,1547.0492055456382,1561.7243907732538,1545.9737250327134,1547.0074320433496,1546.62237601507
2023-07-05,1561.7243907732538,1566.2652780055696,1562.529367904291,1563.8690188061994,1562.4919105662357
2023-07-06,1566.2652780055696,1560.581650939956,1569.0261160316275,1569.111073139164,1568.546030370461
2023-07-07,1560.581650939956,1570.9164296077645,1565.2477125156893,1562.5066322602559,1562.1394095091157
2023-07-10,1570.9164296077645,1569.0319112861855,1574.3526838706407,1574.294396043092,1574.1324272611382
2023-07-11,1569.0319112861855,1578.013445414562,1569.800203545264,1571.2317589308113,1569.598488244151
2023-07-12,1578.013445414562,1579.8077474335123,1579.5238314793799,1580.9250951471602,1580.8167185569296
2023-07-13,1579.8077474335123,1580.8602709641812,1581.862340856307,1582.2979084337164,1581.8309146023828
2023-07-14,1580.8602709641812,1575.8482541514709,1584.3311443207385,1584.0361016666004,1583.300031280329
2023-07-17,1575.8482541514709,1571.3975832217845,1577.907442927347,1576.5437012195919,1576.2420956031483
2023-07-18,1571.3975832217845,1571.5780158270422,1573.2353271209095,1572.012670462675,1571.3784744768113
2023-07-19,1571.5780158270422,1572.4902028869556,1570.7164873291083,1571.7766351803707,1571.360978401383
2023-07-20,1572.4902028869556,1571.688280196922,1572.6115282874946,1572.861378796306,1572.719571200979
2023-07-21,1571.688280196922,1581.0106314685631,1572.3026325384214,1572.1689111761762,1571.7596034733415
2023-07-24,1581.0106314685631,1582.5944287813793,1580.1039748128478,1580.4829238381337,1580.3077072946485
2023-07-25,1582.5944287813793,1580.3189731484088,1584.5145192136981,1583.7559664957062,1583.5127843654363
2023-07-26,1580.3189731484088,1589.521036016545,1581.540860760761,1580.9450914805693,1581.1230076360912
2023-07-27,1589.521036016545,1591.886707952144,1590.2110565060707,1590.5084394332257,1590.2627686751082
2023-07-28,1591.886707952144,1586.594018197922,1594.0579193907274,1593.5140426981598,1593.3177312803768
2023-07-31,1586.594018197922,1602.3918951915844,1589.0323801738205,1587.154680742063,1587.2461893619331
2023-08-01,1602.3918951915844,1600.1064155249885,1603.2607358905625,1603.4123772629546,1601.6534949360619
2023-08-02,1600.1064155249885,1595.96648963769,1603.3328666694918,1602.2759453153687,1602.8183597453651
2023-08-03,1595.96648963769,1595.1946390485323,1598.3315176518015,1596.3106648423877,1596.9848257616504
2023-08-04,1595.1946390485323,1590.463295177334,1596.420828844701,1595.40427208224,1595.2762585141547
2023-08-07,1590.463295177334,1589.0398824025244,1592.0916483873784,1590.5793168476857,1590.6934781585085
2023-08-08,1589.0398824025244,1586.8847151730586,1588.7122484820745,1588.3686155147632,1588.8073537946839
2023-08-09,1586.8847151730586,1571.848664734928,1587.3500663871212,1586.704572838819,1586.7731184773777
2023-08-10,1571.848664734928,1588.9997862680223,1573.0177524560695,1571.2230975637844,1572.0153319675394
2023-08-11,1588.9997862680223,1583.3863274377868,1586.9212704679678,1588.8273806688342,1588.5909131227977
2023-08-14,1583.3863274377868,1580.84022289693,1584.904929246333,1584.6657830406934,1583.1322933409278
2023-08-15,1580.84022289693,1582.293707772616,1580.3482320809594,1580.7420146611066,1581.045861477629
2023-08-16,1582.293707772616,1583.1357265971515,1581.720575980573,1581.9953138635356,1582.033381543531
2023-08-17,1583.1357265971515,1578.3442385242004,1584.891499633312,1583.9746554880087,1584.1663854858473
2023-08-18,1578.3442385242004,1583.917601219934,1577.3869086226862,1577.5695663007882,1577.5792466513285
2023-08-21,1583.917601219934,1584.2884904640748,1583.491273312532,1583.6148285280287,1583.4793603804685
2023-08-22,1584.2884904640748,1583.8474329845562,1584.3850851015586,1584.1349378314428,1584.3478094680534
2023-08-23,1583.8474329845562,1563.7291974983375,1584.124550711058,1583.6595854710629,1583.6812217751703
2023-08-24,1563.7291974983375,1575.727965747966,1566.9014787295725,1563.5470537384615,1564.806344459504
2023-08-25,1575.727965747966,1577.6024600359194,1573.2421064953724,1575.0899561836973,1573.8584640580825
2023-08-28,1577.6024600359194,1582.7748613866363,1577.522995264265,1578.5840954282398,1576.9525836938765
2023-08-29,1582.7748613866363,1578.1337338180665,1583.3553578796393,1582.171984553854,1582.8076108077976
2023-08-30,1578.1337338180665,1577.0210660856449,1578.102448082749,1578.2290464302953,1578.1661549472863
2023-08-31,1577.0210660856449,1576.6802489423808,1578.6354055987329,1577.828381274639,1577.9934454892207
2023-09-01,1576.6802489423808,1580.4593096191643,1575.9589714975739,1576.0102177680085,1576.0502414575203
2023-09-04,1580.4593096191643,1577.1213064218991,1579.2336925993538,1580.3466096846855,1580.271438784222
2023-09-05,1577.1213064218991,1574.3346250740324,1576.295170063952,1577.1135742554975,1577.1284811639614
2023-09-06,1574.3346250740324,1579.7977233998863,1574.151251236489,1574.2273069936718,1574.1576573544905
2023-09-07,1579.7977233998863,1589.3606514785374,1580.4229154235059,1580.0160046344545,1580.2319095100177
2023-09-08,1589.3606514785374,1594.4227884593747,1588.049432350308,1589.2127306326158,1589.2651048960645
2023-09-11,1594.4227884593747,1595.8963214023113,1595.117483424832,1594.4888986593182,1593.905108059454
2023-09-12,1595.8963214023113,1603.825332000019,1597.4821282948067,1596.680655455649,1597.100870553882
2023-09-13,1603.825332000019,1612.576313355011,1606.1664571347128,1605.624486521146,1605.067157657967
2023-09-14,1612.576313355011,1612.576313355011,1614.8063338433253,1616.2624854774301,1615.5359356239253
2023-09-15,1612.576313355011,1610.3409538565425,1615.4020646617082,1614.7358692676512,1614.7712534828884
2023-09-18,1610.3409538565425,1613.6689330201818,1612.4796161603322,1611.7931680359225,1611.950876728867
2023-09-19,1613.6689330201818,1616.936767982069,1615.5269538288796,1615.3785836908148,1615.0278489935963
2023-09-20,1616.936767982069,1617.1472726882025,1618.230955414561,1618.7170975750062,1618.834606989495
2023-09-21,1617.1472726882025,1621.166910171996,1617.696067707253,1617.9425380514137,1617.797620972363
2023-09-22,1621.166910171996,1616.465638401674,1621.4205752877572,1621.5834943482387,1621.4235440806017
2023-09-25,1616.465638401674,1617.5181619323432,1617.9620048643164,1617.010590285585,1617.0300148995154
2023-09-26,1617.5181619323432,1621.8886405930268,1618.1360920980528,1617.9474177217903,1617.8361832023866
2023-09-27,1621.8886405930268,1624.7956103443985,1621.3692835488057,1622.3611310658205,1622.3554642243917
2023-09-28,1624.7956103443985,1631.8525300166946,1625.1199481893332,1625.3992412233056,1625.3849500770611
2023-09-29,1631.8525300166946,1647.3597100352201,1632.6254122135147,1631.678553439122,1631.7308199038202
2023-10-02,1647.3597100352201,1643.2799283496738,1649.5642035422582,1651.5267161831055,1650.1015267732741
2023-10-03,1643.2799283496738,1650.8079776023646,1647.2115947660657,1646.655478459619,1647.4969366271675
2023-10-04,1650.8079776023646,1660.7317708915307,1653.3017661579513,1654.4651051844642,1653.3283662120384
2023-10-05,1660.7317708915307,1657.453911896018,1663.427340284677,1665.1312553403002,1663.8206823089643
2023-10-06,1657.453911896018,1666.645950730529,1661.0788046360012,1660.30251661338,1660.2185087361697
2023-10-09,1666.645950730529,1661.2730687073035,1668.4691005715765,1668.5928848110232,1667.5286829477443
2023-10-10,1661.2730687073035,1671.67801561049,1664.6567876975537,1663.238224151347,1663.3575221933236
2023-10-11,1671.67801561049,1675.4570762872736,1672.8447364598965,1674.4256732781714,1673.2100998073422
2023-10-12,1675.4570762872736,1675.85803763229,1676.812102127305,1677.001951998226,1676.8256837537463
2023-10-13,1675.85803763229,1684.107817306011,1678.5664163053573,1678.0627355147963,1678.1628905597963
2023-10-16,1684.107817306011,1680.2585883938495,1684.061308426568,1685.652506717813,1683.5885348162033
2023-10-17,1680.2585883938495,1679.3564253675615,1684.0830703887386,1682.6908463962916,1682.775336021523
2023-10-18,1679.3564253675615,1680.5492853689868,1680.192255219874,1680.3912037927828,1680.2703634012714
2023-10-19,1680.5492853689868,1677.0709457009657,1680.4280509933292,1681.0541475700038,1680.5739476073284
2023-10-20,1677.0709457009657,1660.5012181181457,1678.8764545017377,1677.3632605969497,1677.2922916042094
2023-10-23,1660.5012181181457,1674.9458505723767,1661.4030645441494,1660.4604365314888,1660.1640110239136
2023-10-24,1674.9458505723767,1686.7541621831217,1674.2146276633534,1674.8086343650282,1674.4236831976364
2023-10-25,1686.7541621831217,1689.190002354099,1685.7742237266725,1686.3673844820466,1683.4720129303828
2023-10-26,1689.190002354099,1688.718872773704,1690.8690205295875,1688.728279951253,1688.4328504062523
2023-10-27,1688.718872773704,1703.7248511109585,1690.5646141185775,1688.4547647166164,1689.1003079671577
2023-10-30,1703.7248511109585,1712.1350153226863,1705.56791358853,1708.2380255547332,1706.4806110764246
2023-10-31,1712.1350153226863,1707.9850654017623,1714.9260016138587,1716.7817948356585,1715.6695831020331
2023-11-01,1707.9850654017623,1707.9850654017623,1710.8307173335982,1709.543312660068,1709.3788481044626
2023-11-02,1707.9850654017623,1707.9850654017623,1709.6155908651251,1708.8890657964496,1708.8450633686339
2023-11-03,1707.9850654017623,1699.1338437105162,1709.5193433467616,1708.547380940792,1708.460006806643
2023-11-06,1699.1338437105162,1691.7661789958322,1701.3731982792278,1698.8366278681528,1699.825809594352
2023-11-07,1691.7661789958322,1692.4177411814844,1690.1852182661935,1691.1258061224514,1690.371258770698
2023-11-08,1692.4177411814844,1691.9065154665882,1690.6115853126016,1691.850631595241,1691.0809500259043
2023-11-09,1691.9065154665882,1689.6711559681196,1690.764574482089,1691.6887491710952,1691.2447582784125
2023-11-10,1689.6711559681196,1689.3804589929823,1688.0456051734493,1689.0821013785203,1688.8118827553276
2023-11-13,1689.3804589929823,1689.4606512619857,1686.2874889341974,1688.6582721224618,1688.3608009170327
2023-11-14,1689.4606512619857,1688.7589689082065,1687.3422443999793,1688.8204239491122,1688.587329266395
2023-11-15,1688.7589689082065,1689.2601705894774,1687.4062291416951,1688.1669653301915,1687.9673464068246
2023-11-16,1689.2601705894774,1690.3126941201463,1687.2588672291863,1688.6781119778148,1688.443036271368
2023-11-17,1690.3126941201463,1688.7439328577682,1688.5345319827647,1689.6792006400347,1689.5185145287546
2023-11-20,1688.7439328577682,1687.1751715953897,1688.0083754429354,1688.1445804196717,1688.0501091219003
2023-11-21,1687.1751715953897,1693.9714663934249,1686.2501879957592,1686.5622607797447,1686.4666856137155
2023-11-22,1693.9714663934249,1694.8134852179603,1691.9613598056035,1693.3792110981951,1693.250072800845
2023-11-23,1694.8134852179603,1689.80146840525,1693.932724518903,1694.4166292724217,1694.4504166405127
2023-11-24,1689.80146840525,1690.964256305799,1689.5240241001234,1689.1942683496743,1689.13790506819
2023-11-27,1690.964256305799,1685.62144638345,1689.7638653305953,1690.3076849430358,1690.0417049769314
2023-11-28,1685.62144638345,1680.2385403265991,1685.3731348741017,1685.1244520667715,1685.2127259710376
2023-11-29,1680.2385403265991,1683.0853658762185,1679.3707552666,1679.2833574706237,1679.413222538289
2023-11-30,1683.0853658762185,1685.8319510895838,1680.840897759759,1682.4730853886567,1682.277003342442
2023-12-01,1685.8319510895838,1677.8628443573746,1684.5621151219996,1685.5691086179736,1685.4277695659662
2023-12-04,1677.8628443573746,1676.8103208267057,1677.310918789397,1677.3854025406738,1677.3754728103982
2023-12-05,1676.8103208267057,1669.071766867881,1675.6224521484066,1675.985815831376,1675.7064690756772
2023-12-06,1669.071766867881,1669.522848381025,1668.2188349702908,1668.3087011244966,1668.3789499604432
2023-12-07,1669.522848381025,1672.4197940987715,1667.9768339180177,1668.4684093169028,1668.2415262509853
2023-12-08,1672.4197940987715,1665.8239799732448,1670.1850855537461,1671.7088174102848,1671.4120954303773
2023-12-11,1665.8239799732448,1662.0749913973375,1665.09525679087,1665.2174397003073,1665.3741022963145
2023-12-12,1662.0749913973375,1658.2758826533034,1660.71405693748,1661.0174549131134,1660.7660901258935
2023-12-13,1658.2758826533034,1651.6299483596497,1657.5790732498137,1657.3412147621164,1657.42742272791
2023-12-14,1651.6299483596497,1642.9691833072864,1650.3997576983904,1650.2244655718464,1650.2611289263573
2023-12-15,1642.9691833072864,1652.9430967645799,1641.080906309657,1641.178248809331,1640.749008558782
2023-12-18,1652.9430967645799,1652.9932169327071,1650.4774259497592,1651.9425871194753,1651.790815349568
2023-12-19,1652.9932169327071,1651.9306693684127,1651.1575084469669,1652.8095530449891,1652.5231435760134
2023-12-20,1651.9306693684127,1649.294348524927,1651.0727533991305,1651.4014619978468,1651.975266846331
2023-12-21,1649.294348524927,1649.915838609703,1647.7435213722993,1648.4837921429846,1648.3407656459833
2023-12-22,1649.915838609703,1643.6558296106282,1648.6040718806307,1648.8157875391928,1648.9933063413905
2023-12-25,1643.6558296106282,1637.395820611553,1642.6197252837394,1642.6609239676225,1642.7408300199809
2023-12-26,1637.395820611553,1646.3673307063045,1636.5390431862882,1636.1546531470383,1636.0658363637494
2023-12-27,1646.3673307063045,1651.098674577503,1643.808122136335,1645.4220182006873,1645.2277804746557
2023-12-28,1651.098674577503,1653.05336113446,1650.2468077808874,1650.94057241154,1650.6156007590785
2023-12-29,1653.05336113446,1651.4445037375804,1653.0146718935598,1652.1806974282163,1652.1611232997714
2024-01-01,1651.4445037375804,1649.8356463407004,1650.4232885456963,1651.139063154461,1650.8942774508366
2024-01-02,1649.8356463407004,1621.457607147135,1649.832365602092,1649.8310103501292,1649.8740286437237
2024-01-03,1621.457607147135,1617.5382099995957,1623.6362507469087,1620.124920803457,1620.4155989524093
2024-01-04,1617.5382099995957,1623.3421254687141,1616.8166364566193,1616.381226740377,1616.1233670817858
2024-01-05,1623.3421254687141,1622.028977063784,1620.70456384144,1622.0708866089337,1620.335537296326
2024-01-08,1622.028977063784,1621.9487847947805,1621.3166870319146,1621.6469101149462,1621.7244484290138
2024-01-09,1621.9487847947805,1626.1689029510826,1618.4316916637154,1620.7966657505688,1620.5316934600623
2024-01-10,1626.1689029510826,1631.71219354594,1623.871225283041,1625.4209480187592,1625.371441307106
2024-01-11,1631.71219354594,1627.4018590870091,1629.8661759263089,1631.617649619281,1631.6343755670314
2024-01-12,1627.4018590870091,1633.3060148923819,1626.202623171357,1626.7204914952047,1626.7355840724915
2024-01-15,1633.3060148923819,1642.2975730543837,1631.9741458068415,1632.966662122407,1632.9130318056018
2024-01-16,1642.2975730543837,1637.8669501919483,1641.4970898460908,1642.3300123260217,1641.3995693232143
2024-01-17,1637.8669501919483,1635.360941785593,1641.002217567677,1638.7257568406794,1639.1666839407233
2024-01-18,1635.360941785593,1623.1416447962054,1635.2449778567457,1635.1715199949253,1635.4313162313492
2024-01-19,1623.1416447962054,1614.3305192394607,1623.4979308070317,1622.417559632537,1622.6106276790956
2024-01-22,1614.3305192394607,1611.694198395975,1614.5368423480224,1613.6102000554974,1614.2427608839032
2024-01-23,1611.694198395975,1612.7767940275207,1609.7016970995498,1610.254506593374,1608.6582780060103
2024-01-24,1612.7767940275207,1608.1557145262018,1610.6025076627202,1611.615493151476,1611.6722730320275
2024-01-25,1608.1557145262018,1610.4111220919212,1605.4173198159774,1607.0287395582063,1606.8861255906975
2024-01-26,1610.4111220919212,1607.5141763741751,1608.1947195904793,1609.5688240274956,1609.6582944296038
2024-01-29,1607.5141763741751,1603.2840341842477,1605.217021769774,1606.77085868835,1606.8570840980253
2024-01-30,1603.2840341842477,1602.8429767047292,1601.0508703063526,1602.3133558967586,1602.1633912481223
2024-01-31,1602.8429767047292,1596.357426949082,1600.8304700482447,1601.969036246063,1601.9884396203158
2024-02-01,1596.357426949082,1596.5178114870891,1595.8494629451725,1595.4876086059055,1595.586371087971
2024-02-02,1596.5178114870891,1596.8937127480424,1595.4629038853118,1595.9082732686213,1596.373997667484
2024-02-05,1596.8937127480424,1597.2696140089956,1595.5248953373698,1596.3687169912112,1596.8027412001297
2024-02-06,1597.2696140089956,1595.4051437546673,1595.8437987633376,1596.5508016210504,1596.550296704628
2024-02-07,1595.4051437546673,1594.5330528292557,1593.1800863322205,1594.6332809623204,1594.660225580749
2024-02-08,1594.5330528292557,1592.1473328264053,1593.481266531998,1593.7407466735363,1593.745457530934
2024-02-09,1592.1473328264053,1593.3101207269544,1590.4512410303385,1591.379027803898,1591.3524277935974
2024-02-12,1593.3101207269544,1575.8382301178465,1591.7798987534284,1592.469634202519,1592.4707949532035
2024-02-13,1575.8382301178465,1599.1842044314506,1576.64656835562,1574.5972856956382,1575.2697516388068
2024-02-14,1599.1842044314506,1599.0639160279457,1595.937452880254,1597.7450505946344,1597.3892272627588
2024-02-15,1599.0639160279457,1596.8887007312294,1599.4890664923741,1599.4366707470037,1597.571213260033
2024-02-16,1596.8887007312294,1598.211873169785,1598.203208288916,1596.8822782014026,1597.613362040096
2024-02-19,1598.211873169785,1599.8357666171028,1597.490670746169,1598.0109763417713,1597.7779172649596
2024-02-20,1599.8357666171028,1599.2543726668284,1600.9505852535235,1601.0062454088759,1601.0455616934128
2024-02-21,1599.2543726668284,1586.2932971891596,1597.6400889617596,1598.4722001740236,1598.2442137372705
2024-02-22,1586.2932971891596,1599.8858867852298,1586.9276787035608,1585.7861060869022,1585.9573938760689
2024-02-23,1599.8858867852298,1601.0887708202804,1598.1771192459946,1599.5189626507438,1599.3077502736767
2024-02-26,1601.0887708202804,1599.986127121484,1600.6170526191336,1601.72703356552,1600.4376926011555
2024-02-27,1599.986127121484,1599.815718549852,1601.8990955873542,1600.3270853602273,1601.543234658689
2024-02-28,1599.815718549852,1601.1890111565344,1597.0735261588939,1599.5120379983032,1597.9590511514723
2024-02-29,1601.1890111565344,1599.4047331712095,1601.6062029971133,1602.0837275811464,1602.1351028829706
2024-03-01,1599.4047331712095,1596.608027789717,1598.0959252550085,1598.5498355680243,1598.314077920241
2024-03-04,1596.608027789717,1591.9869482883983,1595.4652266169226,1596.2443510153012,1596.043151731076
2024-03-05,1591.9869482883983,1601.4797081316717,1591.093791489776,1591.6023673583784,1591.2886213927327
2024-03-06,1601.4797081316717,1597.249565941744,1599.5477139185875,1601.252344813163,1600.8596487542977
2024-03-07,1597.249565941744,1596.9287968657302,1597.728812598302,1597.8107646853393,1598.100969549868
2024-03-08,1596.9287968657302,1590.5635355135885,1594.8401386928003,1596.4667203104543,1596.5057538068397
2024-03-11,1590.5635355135885,1593.7812503073483,1589.76497294263,1590.2585690211401,1590.1022323934794
2024-03-12,1593.7812503073483,1596.1068261084458,1593.0006757156402,1593.2408713739078,1592.8051041653928
2024-03-13,1596.1068261084458,1591.3454101363711,1593.9450156448693,1595.7019650675934,1595.645736770907
2024-03-14,1591.3454101363711,1596.2972827473288,1590.7813930734687,1591.0004838753725,1590.8592416491008
2024-03-15,1596.2972827473288,1595.861237284623,1594.488384802381,1595.876586842708,1595.4230224607059
2024-03-18,1595.861237284623,1595.4251918219172,1595.5019795140101,1595.6612934305915,1595.5670135467747
2024-03-19,1595.4251918219172,1595.3049034184123,1594.9255438021626,1595.1319560520856,1594.8563107354846
2024-03-20,1595.3049034184123,1583.8474329845567,1593.0044226755358,1594.897015856961,1594.6085987752706
2024-03-21,1583.8474329845567,1584.428826934831,1584.861151064249,1583.0686612156417,1583.3926967802222
2024-03-22,1584.428826934831,1567.6285465786264,1582.910118201748,1583.357227808703,1583.269300903043
2024-03-25,1567.6285465786264,1556.3515087500284,1568.5920430914807,1566.241724285429,1566.0020977754289
2024-03-26,1556.3515087500284,1557.2135756418147,1555.8418909782679,1555.069605773396,1554.5249307816307
2024-03-27,1557.2135756418147,1557.7916282475474,1554.05061071178,1555.3225209986033,1553.2626572214788
2024-03-28,1557.7916282475474,1558.36968085328,1556.6109708291142,1556.3196391843671,1555.7613042628916
2024-03-29,1558.36968085328,1558.9477334590124,1554.348885694517,1557.1067742849898,1556.9590963280614
2024-04-01,1558.9477334590124,1558.9477334590124,1555.7899969746825,1558.0226345450606,1558.1559434079284
2024-04-02,1558.9477334590124,1556.5018692544097,1556.5367556256022,1558.0445265668081,1558.1559434079284
2024-04-03,1556.5018692544097,1553.6851158056666,1553.9177264333687,1555.6165088154905,1555.449228901024
2024-04-04,1553.6851158056666,1557.3639361461958,1552.2394148402275,1553.0815105996046,1553.5004387007698
2024-04-05,1557.3639361461958,1545.8262734433367,1554.2771372934344,1556.3799605500917,1556.2330458729805
2024-04-08,1545.8262734433367,1543.1197843644736,1546.0722031421756,1545.4703774488494,1546.4035538198243
2024-04-09,1543.1197843644736,1540.7541124288741,1541.8063636479383,1542.355359843566,1542.9212267280634
2024-04-10,1540.7541124288741,1541.1450497402657,1538.184256208375,1539.0701099509624,1538.3700368332777
2024-04-11,1541.1450497402657,1539.7517090663323,1538.955031651966,1540.0420149522354,1540.065156880937
2024-04-12,1539.7517090663323,1534.9702450270067,1536.1361273324355,1538.700143438308,1538.6426693815151
2024-04-15,1534.9702450270067,1535.210821834017,1533.0516059796942,1533.961023344219,1534.2409155446678
2024-04-16,1535.210821834017,1537.0953401555964,1532.4540435314104,1534.189623640703,1534.0433286782247
2024-04-17,1537.0953401555964,1533.6170004875753,1534.676080411737,1536.2558193655607,1536.1834182442658
2024-04-18,1533.6170004875753,1534.8098604890006,1531.7559664514026,1532.8726661456105,1532.783281905951
2024-04-19,1534.8098604890006,1535.4814707419034,1531.7263089825876,1533.7303690926626,1533.5875340245964
2024-04-22,1535.4814707419034,1533.2962314115616,1534.3826925328453,1535.0362123673988,1535.291699611383
2024-04-23,1533.2962314115616,1531.8527705695012,1531.8072861360768,1532.55003719306,1532.4231316065789
2024-04-24,1531.8527705695012,1529.8579878780426,1529.7922430077128,1530.9703202843064,1530.893530015318
2024-04-25,1529.8579878780426,1529.8579878780426,1528.1418746037925,1529.007091712297,1528.9883750423528
2024-04-26,1529.8579878780426,1533.6470725884515,1527.8959768073591,1529.0283809819575,1528.9459908435579
2024-04-29,1533.6470725884515,1534.208418471475,1531.5781094225026,1533.3729589931415,1533.0806023491477
2024-04-30,1534.208418471475,1532.4943087215281,1532.5582866035925,1533.964820522538,1533.7574077750228
2024-05-01,1532.4943087215281,1530.780198971581,1530.9871499298863,1532.0722272562944,1531.8999581833486
2024-05-02,1530.780198971581,1533.777385025582,1529.7076091577992,1530.30457368769,1530.1946422430174
2024-05-03,1533.777385025582,1532.2336838472672,1531.8946782302721,1533.3318810410178,1533.1338045966309
2024-05-06,1532.2336838472672,1530.7601509043302,1530.6508885420621,1531.9309454101863,1531.7643367807136
2024-05-07,1530.7601509043302,1534.0781060343447,1529.4431068463175,1530.4058987910844,1530.1650764150256
2024-05-08,1534.0781060343447,1534.138250236097,1532.3425103770637,1533.7019602926366,1533.4751610114092
2024-05-09,1534.138250236097,1538.739281670165,1533.2036578079167,1533.8224801451756,1533.6974394435908
2024-05-10,1538.739281670165,1529.4369784657747,1537.201039509087,1538.3019944365783,1538.163586120774
2024-05-13,1529.4369784657747,1529.9983243487982,1529.0250070331008,1529.3047824516368,1529.4380952505032
2024-05-14,1529.9983243487982,1531.5520495607386,1528.8827887073044,1529.5383472905764,1529.1814528680509
2024-05-15,1531.5520495607386,1523.6731591311582,1529.9068169896823,1531.1226213653538,1530.8968610759653
2024-05-16,1523.6731591311582,1524.8559950989575,1523.611089938356,1523.2839875630389,1523.656552418962
2024-05-17,1524.8559950989575,1522.6406836677395,1521.9546468809526,1524.13952587206,1523.8487784558172
2024-05-20,1522.6406836677395,1521.6382803051974,1521.5879344323519,1522.2557585205582,1522.504215941797
2024-05-21,1521.6382803051974,1526.700417286035,1520.2080531448946,1521.060216323651,1521.0616014502225
2024-05-22,1526.700417286035,1531.341544854605,1523.4782515026666,1526.2746704118347,1526.0602480718098
2024-05-23,1531.341544854605,1528.3644068678552,1530.1596354731448,1530.8140558740315,1530.671484571313
2024-05-24,1528.3644068678552,1544.5331731056583,1527.2494503647183,1528.0722013403322,1527.906769880453
2024-05-27,1544.5331731056583,1543.3904332723607,1544.0096229616065,1544.8769264205564,1544.0991239077014
2024-05-28,1543.3904332723607,1529.3467621631466,1544.4803857822228,1545.025715776732,1544.887833913902
2024-05-29,1529.3467621631466,1531.722458132371,1530.9525649725279,1529.2505048642506,1529.6911714039607
2024-05-30,1531.722458132371,1525.2569564439748,1531.0874737865095,1531.3506727647703,1531.139021003292
2024-05-31,1525.2569564439748,1525.2569564439748,1525.7333330820243,1524.5466856665137,1523.618491421824
2024-06-03,1525.2569564439748,1524.7557547627036,1523.7570044559484,1524.1976139453025,1523.726157994929
2024-06-04,1524.7557547627036,1529.4570265330258,1522.4287442725918,1524.3289851141185,1524.260262858769
2024-06-05,1529.4570265330258,1533.0055344364246,1527.9628379038309,1529.3280253909118,1529.2331522431032
2024-06-06,1533.0055344364246,1535.5115428427796,1530.906327995375,1532.409374533515,1532.2291811599187
2024-06-07,1535.5115428427796,1529.2966419950192,1535.5606326935729,1535.1117973747844,1534.8866600967763
2024-06-10,1529.2966419950192,1531.7224581323708,1527.9719242916342,1528.9369235768902,1527.6254925470334
2024-06-11,1531.7224581323708,1536.3635857009406,1530.9044239870316,1531.3303981888314,1530.8661569599485
2024-06-12,1536.3635857009406,1536.2332732638101,1536.2187693599797,1536.5679671336252,1536.584532112359
2024-06-13,1536.2332732638101,1534.3688030094822,1535.4975000435763,1536.2150879397789,1535.9585708104437
2024-06-14,1534.3688030094822,1534.3688030094822,1534.0747416241538,1534.147102529026,1533.8916871607155
2024-06-17,1534.3688030094822,1534.8098604890008,1533.7947708948227,1534.116236428618,1533.799788810479
2024-06-18,1534.8098604890008,1527.8231090520828,1533.748945926091,1534.5633592717118,1534.2658894178112
2024-06-19,1527.8231090520828,1533.4967120840704,1526.778225478048,1527.4281085155521,1527.3666802241705
2024-06-20,1533.4967120840704,1535.5516389772813,1531.2406866195597,1533.0092657519033,1532.4724434358254
2024-06-21,1535.5516389772813,1523.2922458533926,1534.1319859504015,1535.4901745075933,1535.1570733900312
2024-06-24,1523.2922458533926,1508.2561954152618,1524.3657751992687,1523.0783031001638,1523.3178877298612
2024-06-25,1508.2561954152618,1514.9823219779187,1508.1591484960827,1507.1977525281836,1507.402672201357
2024-06-26,1514.9823219779187,1515.7040523989492,1513.0308442594849,1513.5689661777944,1513.1734201175934
2024-06-27,1515.7040523989492,1515.222898784929,1514.1598160868682,1515.0774184179402,1513.8205417658057
2024-06-28,1515.222898784929,1514.4911443302733,1513.1821868661584,1514.3720980073788,1514.1575625046767
2024-07-01,1514.4911443302733,1503.063745997294,1512.6137975827696,1513.790123496013,1513.6927415651876
2024-07-02,1503.063745997294,1518.8816710582073,1503.592212332205,1502.0657868988899,1502.270195117304
2024-07-03,1518.8816710582073,1510.2008579385931,1516.1742107433963,1517.8834162278038,1517.678075710358
2024-07-04,1510.2008579385931,1515.0725382805474,1509.288434734145,1510.8216323412753,1509.570782031862
2024-07-05,1515.0725382805474,1514.7317211372829,1513.6439856426964,1514.599938029704,1514.8949524647228
2024-07-08,1514.7317211372829,1512.105424327423,1514.245243223076,1514.7837907321452,1514.7949989733643
2024-07-09,1512.105424327423,1498.0818012854597,1513.949025557567,1511.9255544556734,1512.3934997253302
2024-07-10,1498.0818012854597,1486.6844750533567,1496.4002436200208,1496.53489274838,1496.4132315345012
2024-07-11,1486.6844750533567,1482.9856066455768,1486.9965781976389,1485.7459926411937,1485.6689240477851
2024-07-12,1482.9856066455768,1469.8541225962758,1481.3151497860022,1481.4052319322282,1480.0579539990645
2024-07-15,1469.8541225962758,1470.9868383959483,1469.1661450811084,1468.4677696547383,1466.6612401756627
2024-07-16,1470.9868383959483,1475.3673410902568,1468.5791993374764,1470.2735578586971,1469.454836674884
2024-07-17,1475.3673410902568,1465.8946293142346,1470.5798615467431,1473.9127945380048,1471.9835795737454
2024-07-18,1465.8946293142346,1470.3252521766703,1465.383311212548,1465.083784078816,1464.865858939974
2024-07-19,1470.3252521766703,1469.5834736883892,1466.0456035491716,1469.186432447294,1468.6970660322297
2024-07-22,1469.5834736883892,1466.526143432636,1467.6587080011436,1468.8233132912271,1468.8255123907225
2024-07-23,1466.526143432636,1463.2683325043745,1465.0213171163457,1465.8543850161107,1465.5281490899852
2024-07-24,1463.2683325043745,1461.514126619926,1461.5445043231134,1462.811313383331,1463.0598712555943
2024-07-25,1461.514126619926,1450.2270647577025,1460.9114949790562,1461.1676053516671,1461.4932823957345
2024-07-26,1450.2270647577025,1448.2222580326184,1449.2556706970126,1449.0255525386315,1448.6434441681577
2024-07-29,1448.2222580326184,1444.2126445824501,1447.0543090864344,1447.402593209788,1447.4297092281577
2024-07-30,1444.2126445824501,1436.4039223882478,1441.9474849866908,1442.4257619353175,1441.2894440268103
2024-07-31,1436.4039223882478,1430.8907038942664,1434.5867183459166,1434.8035681881138,1433.5326256683768
2024-08-01,1430.8907038942664,1430.86063179339,1428.924419255682,1429.7454409046495,1428.9892042451643
2024-08-02,1430.86063179339,1441.7266842433457,1428.065480017963,1429.2988957890352,1429.2508090158472
2024-08-05,1441.7266842433457,1441.1954104611987,1438.175027908418,1440.630778081744,1440.487773458477
2024-08-06,1441.1954104611987,1440.7343049144292,1439.654227989372,1441.7547536196128,1441.610812733579
2024-08-07,1440.7343049144292,1441.3758430664561,1440.0599350586217,1440.1874056907259,1440.4186556671284
2024-08-08,1441.3758430664561,1436.1032013794852,1440.4474329576904,1441.1975205542951,1441.0137250071994
2024-08-09,1436.1032013794852,1451.981270642151,1436.527947580832,1435.8122335643443,1436.0319921488249
2024-08-12,1451.981270642151,1446.5281963499224,1449.181559127291,1450.8991856027767,1449.994433124881
2024-08-13,1446.5281963499224,1445.666129458136,1447.0547229458243,1447.7937694197992,1447.8595634673786
2024-08-14,1445.666129458136,1440.8946894524363,1446.3802044148208,1445.6435270710779,1445.973591509658
2024-08-15,1440.8946894524363,1440.8946894524363,1440.776498342894,1440.6714607119354,1440.4559497198331
2024-08-16,1440.8946894524363,1438.9700749963554,1440.9571742543128,1440.4447610281247,1440.2026945939592
2024-08-19,1438.9700749963554,1436.9752923048968,1435.7550642071083,1437.9957951382016,1437.6035859494114
2024-08-20,1436.9752923048968,1421.2876796811138,1436.013275833655,1436.5990051375265,1436.4265226841992
2024-08-21,1421.2876796811138,1428.5551040595435,1421.442121284674,1420.3186061239373,1420.698983671762
2024-08-22,1428.5551040595435,1430.1589494396108,1426.424291707045,1427.7285639382021,1427.5106344688802
2024-08-23,1430.1589494396108,1422.9516692629331,1428.8396331396818,1430.0319683228674,1428.2533284311435
2024-08-26,1422.9516692629331,1419.9444591753072,1421.0698815364308,1422.2414708260378,1421.2898438730642
2024-08-27,1419.9444591753072,1419.89433900718,1418.1124510963145,1419.0753624603697,1418.583389272974
2024-08-28,1419.89433900718,1419.8442188390527,1419.1242993169874,1419.2198048293983,1419.3499113083833
2024-08-29,1419.8442188390527,1406.8129751260062,1418.1879859876537,1419.189475730842,1419.052032365085
2024-08-30,1406.8129751260062,1398.8137962929206,1405.7836035988423,1405.5564954631468,1405.3442536134307
2024-09-02,1398.8137962929206,1412.5166502588704,1397.8572315238832,1397.8001449557253,1397.3597087604267
2024-09-03,1412.5166502588704,1411.9553043758465,1409.187889227368,1411.4689620992742,1409.9548980404704
2024-09-04,1411.9553043758465,1412.5767944606228,1411.8242284702412,1413.3018876327728,1413.9881686227463
2024-09-05,1412.5767944606228,1416.1653984985232,1409.980561682711,1412.160723798387,1412.3796350473483
2024-09-06,1416.1653984985232,1385.9429371178805,1414.7625545835774,1415.1883016009187,1415.2287165231594
2024-09-09,1385.9429371178805,1384.6097406456997,1389.6950108937913,1385.9926196155986,1386.1842771344495
2024-09-10,1384.6097406456997,1399.9866082270948,1382.7079852659558,1384.1434060377178,1383.3373072849665
2024-09-11,1399.9866082270948,1399.9866082270948,1396.47922786436,1399.8913407605396,1398.4051445862751
2024-09-12,1399.9866082270948,1401.7408141115436,1399.393406689823,1401.7916504634027,1402.3058043352812
2024-09-13,1401.7408141115436,1397.8565010816933,1400.0953398575534,1401.3747678314473,1401.5231762265714
2024-09-16,1397.8565010816933,1393.9721880518425,1399.1200496133931,1398.687264863766,1399.1772362641593
2024-09-17,1393.9721880518425,1398.7937482256698,1392.1958165828164,1394.1183769800662,1393.7926377092813
2024-09-18,1398.7937482256698,1398.2925465443989,1395.6426499121612,1398.1827327903732,1397.5389359409899
2024-09-19,1398.2925465443989,1400.7985549507541,1396.611345513474,1398.2952622803093,1398.2280540080756
2024-09-20,1400.7985549507541,1404.5575675602868,1398.4671925391362,1400.6837291250788,1400.4716022366124
2024-09-23,1404.5575675602868,1400.247233101356,1405.7594064085035,1404.4511308687067,1404.5530148847345
2024-09-24,1400.247233101356,1400.2572571349815,1400.1223220363077,1400.3082092482548,1400.1467150125286
2024-09-25,1400.2572571349815,1397.580840156994,1397.3217511786963,1399.9634042392963,1398.693777409615
2024-09-26,1397.580840156994,1398.0820418382652,1396.4748000378484,1397.742413894495,1397.601786032111
2024-09-27,1398.0820418382652,1395.6862978017896,1396.4875498328956,1398.064677322968,1397.9487206072029
2024-09-30,1395.6862978017896,1398.0870538550778,1394.1408724372507,1395.7274120469197,1395.6277851167467
2024-10-01,1398.0870538550778,1400.487809908366,1396.2806540508527,1397.821313580219,1397.5556855448322
2024-10-02,1400.487809908366,1396.7287972988333,1397.758386740064,1400.359575287906,1400.262004153232
2024-10-03,1396.7287972988333,1395.2251922550204,1395.5414776206248,1396.6843249203184,1396.5391947698486
2024-10-04,1395.2251922550204,1387.1458211529314,1393.1258730842396,1395.0075361177055,1394.858627425633
2024-10-07,1387.1458211529314,1404.3069667196514,1386.147699357061,1386.6937277811667,1386.7454593387488
2024-10-08,1404.3069667196514,1403.2243710881057,1401.6692039138916,1403.1308933317557,1402.6270318264937
2024-10-09,1403.2243710881057,1401.9312707504266,1402.4454996793006,1403.7501315560241,1404.040674162976
2024-10-10,1401.9312707504266,1400.6481944463728,1402.3620079321006,1401.9715636612698,1402.0482643966743
2024-10-11,1400.6481944463728,1380.4397426575254,1399.789057054827,1400.5677166860553,1400.1805638857904
2024-10-14,1380.4397426575254,1382.8956308957531,1382.9602363436827,1379.9926398576313,1380.6579425846007
2024-10-15,1382.8956308957531,1391.7268045197488,1379.9452733285061,1381.9793377009964,1381.7894209479743
2024-10-16,1391.7268045197488,1388.6193540958682,1388.7445480847834,1391.2854048682348,1389.673779002036
2024-10-17,1388.6193540958682,1388.118152414597,1387.9986059813962,1389.3035209281363,1388.705619042854
2024-10-18,1388.118152414597,1389.4212767859017,1385.6046026606284,1387.9522919507588,1388.1389287387706
2024-10-21,1389.4212767859017,1385.3114229994794,1389.1391280302346,1389.617013308325,1389.6381047022633
2024-10-22,1385.3114229994794,1386.2135860257677,1382.5453537622273,1384.7615631282615,1383.540446690537
2024-10-23,1386.2135860257677,1386.2135860257677,1383.4074584746297,1385.6105834091732,1385.4467476365455
2024-10-24,1386.2135860257677,1385.8026006471252,1384.1572706133807,1385.970064482229,1385.8135421747259
2024-10-25,1385.8026006471252,1383.05601543376,1383.9165046430016,1385.5672612544138,1385.3275321237961
2024-10-28,1383.05601543376,1383.3166403080209,1382.5533679276355,1382.9935856995776,1383.1808573271448
2024-10-29,1383.3166403080209,1372.7112127323262,1381.0293528885334,1382.9298212816439,1382.6701886494825
2024-10-30,1372.7112127323262,1369.5035219721915,1370.9210485071496,1372.1989332024175,1371.9703500499463
2024-10-31,1369.5035219721915,1373.3627749179782,1367.8888290864502,1368.744087497111,1368.572188689173
2024-11-01,1373.3627749179782,1370.806646343496,1370.2158871819377,1372.5160057325736,1371.2434210492488
2024-11-04,1370.806646343496,1369.6037623084453,1368.6534521026645,1370.58368580642,1370.3572447602826
2024-11-05,1369.6037623084453,1361.7348959124904,1366.7441465561722,1369.0180334763456,1368.625987841825
2024-11-06,1361.7348959124904,1361.7348959124904,1360.1128170957302,1361.0171370702212,1361.2893653724248
2024-11-07,1361.7348959124904,1361.7348959124904,1359.4686249484748,1361.0101786485063,1360.6814659907666
2024-11-08,1361.7348959124904,1361.7348959124904,1358.702416185575,1361.2417356047988,1361.1617570669002
2024-11-11,1361.7348959124904,1361.7348959124904,1359.4933690919577,1361.257632429711,1361.0403156396678
2024-11-12,1361.7348959124904,1360.9830933905837,1358.4061333149978,1361.250432218718,1361.0032939534005
2024-11-13,1360.9830933905837,1359.1587192707573,1359.6461143051329,1360.8379169998607,1360.8152530468744
2024-11-14,1359.1587192707573,1360.5420359110653,1357.0711364877666,1358.68373827059,1358.5110365436688
2024-11-15,1360.5420359110653,1344.944639589911,1357.538301101556,1359.8954639619715,1359.6274627816958
2024-11-18,1344.944639589911,1329.3472432687568,1344.6598064327068,1344.043429894769,1344.6392341119904
2024-11-19,1329.3472432687568,1323.9944093127822,1328.8964392568373,1328.5849534608874,1327.8755792887903
2024-11-20,1323.9944093127822,1317.8396526667743,1322.501520412874,1323.1083417305638,1321.9902454487813
2024-11-21,1317.8396526667743,1331.141545287707,1315.8946075085669,1317.011385796257,1316.0373996119908
2024-11-22,1331.141545287707,1323.6435681358923,1325.678838065946,1330.46771984436,1329.922040807279
2024-11-25,1323.6435681358923,1331.642746968978,1321.0074290379077,1323.9977280462724,1324.5448719837448
2024-11-26,1331.642746968978,1335.7024805872732,1328.8197483697925,1330.4473810670197,1330.6382730539997
2024-11-27,1335.7024805872732,1323.1624145218723,1333.3315708740583,1335.5762535639744,1335.2574959820436
2024-11-28,1323.1624145218723,1333.0461116765366,1323.6279601953324,1323.0832312894895,1323.590187345742
2024-11-29,1333.0461116765366,1333.36688075255,1328.7205209273045,1331.9299771161807,1332.0803818085083
2024-12-02,1333.36688075255,1344.7541829510276,1333.4724336835109,1334.4601380603233,1333.5441518912487
2024-12-03,1344.7541829510276,1344.7241108501514,1344.2172488493022,1344.509748332124,1343.557206742896
2024-12-04,1344.7241108501514,1343.9723083282447,1344.239426723297,1345.0659792366232,1344.085447066382
2024-12-05,1343.9723083282447,1342.4687032844315,1345.4733177420164,1344.9890381393845,1345.0293044089883
2024-12-06,1342.4687032844315,1344.744158917402,1340.1080305291573,1342.0697331984813,1341.7533434248876
2024-12-09,1344.744158917402,1367.1578981038422,1344.2680048961283,1345.223175402383,1345.2220324674074
2024-12-10,1367.1578981038422,1361.604583475359,1364.2351328624763,1369.7617664884006,1367.0969259779718
2024-12-11,1361.604583475359,1346.6186532053557,1363.374788948583,1362.9427926858286,1361.806076752711
2024-12-12,1346.6186532053557,1346.6186532053557,1350.300488203458,1348.1463293084948,1349.1543070079094
2024-12-13,1346.6186532053557,1354.4373994331836,1345.5315990711147,1347.6278658741187,1347.5053524026246
2024-12-16,1354.4373994331836,1351.8812708587013,1354.139467052444,1354.5867717841322,1353.356037291492
2024-12-17,1351.8812708587013,1338.6495464731465,1349.1797327011805,1352.031625174266,1351.0469973475679
2024-12-18,1338.6495464731465,1330.3797187321748,1338.3064673400572,1339.3223867104625,1339.517757771509
2024-12-19,1330.3797187321748,1330.3797187321748,1330.377423774742,1330.9949081362308,1331.9154192640483
2024-12-20,1330.3797187321748,1339.591805633936,1329.096670665022,1330.2976375400988,1328.8045451386408
2024-12-23,1339.591805633936,1338.469113867889,1336.1418746525342,1339.459566191372,1339.0931732701351
2024-12-24,1338.469113867889,1332.6100662138308,1334.1904997512634,1339.0372248356157,1337.7082938662986
2024-12-25,1332.6100662138308,1326.7510185597723,1332.0972636005401,1332.9751561376866,1333.3469930049687
2024-12-26,1326.7510185597723,1313.890183418358,1326.8633135357163,1327.0415985482814,1327.4814491015075
2024-12-27,1313.890183418358,1328.4450802424683,1313.548225115517,1313.7463439668927,1313.5608716251274
2024-12-30,1328.4450802424683,1333.0060155420347,1323.3896914286759,1327.9841878544792,1327.460666526729
2024-12-31,1333.0060155420347,1332.1339246166233,1330.6552394463117,1333.5404065807243,1332.2009012993624
2025-01-01,1332.1339246166233,1331.2618336912115,1333.3031996164464,1332.343987528466,1332.8500587609647
2025-01-02,1331.2618336912115,1331.2618336912115,1331.48322731047,1331.699636724215,1332.017823698652
2025-01-03,1331.2618336912115,1339.882502609073,1331.4700096579968,1332.2219667073832,1332.3692716435992
2025-01-06,1339.882502609073,1339.0404837845376,1337.1088517309875,1339.5447896140354,1339.0465797328206
2025-01-07,1339.0404837845376,1335.3817115112593,1338.880076687283,1339.444384183524,1339.4569502735271
2025-01-08,1335.3817115112593,1335.5320720156406,1336.1864417032136,1335.430483354571,1335.7654516252671
2025-01-09,1335.5320720156406,1335.5320720156406,1335.5641156801642,1335.328722502149,1335.2594730345913
2025-01-10,1335.5320720156406,1327.2121241065415,1336.3740018840792,1335.7048034548384,1336.2017223991836
2025-01-13,1327.2121241065415,1315.925062244318,1325.627093855245,1326.7774572768744,1326.072936630091
2025-01-14,1315.925062244318,1308.3569168571257,1315.733899988246,1315.0815943091688,1315.2199370824296
2025-01-15,1308.3569168571257,1294.8645675973096,1308.3253303375955,1307.5513971735334,1307.4076632225454
2025-01-16,1294.8645675973096,1296.2879803721194,1295.1009607708243,1293.738729060304,1291.9604668098318
2025-01-17,1296.2879803721194,1293.270746250868,1293.9124733965516,1295.5707997778102,1295.2592411751175
2025-01-20,1293.270746250868,1293.4411548224998,1290.3899927244195,1291.7810661592619,1289.7069969659553
2025-01-21,1293.4411548224998,1278.4351764852454,1291.373679773251,1292.1677900094103,1292.1909617263511
2025-01-22,1278.4351764852454,1275.3377500949905,1277.4959193188354,1277.3876483058011,1277.2519589656924
2025-01-23,1275.3377500949905,1277.5931576607102,1273.952519205442,1274.5338067357472,1274.552339044127
2025-01-24,1277.5931576607102,1278.0843353083558,1274.5238244733157,1276.1832914258923,1274.7198287470826
2025-01-27,1278.0843353083558,1275.3377500949905,1276.715463343484,1277.547737204309,1277.9708197345435
2025-01-28,1275.3377500949905,1276.8213070715528,1273.041203447752,1274.5164068790673,1274.8912215908445
2025-01-29,1276.8213070715528,1280.32971884045,1275.2731420114972,1276.306662986655,1276.6235760603324
2025-01-30,1280.32971884045,1278.8662099311384,1279.2920634342922,1280.0798098208106,1280.54109427916
2025-01-31,1278.8662099311384,1276.3602015247834,1277.0678261367905,1278.1708413760448,1278.512955308056
2025-02-03,1276.3602015247834,1273.8541931184282,1274.967844767573,1275.8939365302595,1275.9045543578911
2025-02-04,1273.8541931184282,1264.4215774769075,1272.4937608325693,1273.3831598597556,1273.4148550992516
2025-02-05,1264.4215774769075,1259.1489357899366,1265.2579766734318,1264.0338933219057,1264.4513877339411
2025-02-06,1259.1489357899366,1258.467301503408,1258.0811012214901,1258.446045168805,1258.2991597710643
2025-02-07,1258.467301503408,1252.2323525883962,1256.4345052206409,1257.2236806886474,1256.226257391639
2025-02-10,1252.2323525883962,1241.947694088715,1251.040017488623,1251.445607792473,1251.2303240467895
2025-02-11,1241.947694088715,1238.7600513958312,1240.911692128116,1240.9664603253998,1240.523403868451
2025-02-12,1238.7600513958312,1243.3510587962737,1236.9279761074094,1237.974843732025,1237.6448959367087
2025-02-13,1243.3510587962737,1243.3510587962737,1240.6496655177245,1242.1592664246543,1241.251044365033
2025-02-14,1243.3510587962737,1241.045531062427,1241.182883889085,1243.0428307731963,1243.1645109139909
2025-02-17,1241.045531062427,1234.4296688696495,1239.12128012528,1240.5643349760535,1240.573306690381
2025-02-18,1234.4296688696495,1243.912404679297,1233.6311325066222,1233.6194573112507,1233.7916415066902
2025-02-19,1243.912404679297,1230.2596708814742,1242.4061229419074,1243.7866460987077,1244.1036867405385
2025-02-20,1230.2596708814742,1240.6746418182863,1230.3662328483636,1230.663239326665,1230.8160405648591
2025-02-21,1240.6746418182863,1226.9216676842095,1238.2032745109175,1240.2479097956345,1240.4859734410036
2025-02-24,1226.9216676842095,1226.3903939020622,1227.0730312244402,1227.2278589910782,1226.3452046167306
2025-02-25,1226.3903939020622,1234.1088997936358,1226.8970163816607,1226.406359141843,1227.3814813022975
2025-02-26,1234.1088997936358,1232.966159960338,1230.6482108119262,1233.1338440103193,1231.8581528530108
2025-02-27,1232.966159960338,1228.3551044926448,1232.8791958346105,1233.188726696191,1233.3105282862175
2025-02-28,1228.3551044926448,1249.385527038777,1226.3808440266466,1227.8656228358425,1227.9056739118942
2025-03-03,1249.385527038777,1250.7387715782086,1247.5738752436525,1250.1542244945456,1248.8321914811058
2025-03-04,1250.7387715782086,1225.5784471784034,1252.3807827100088,1252.340397266573,1252.3921430552339
2025-03-05,1225.5784471784034,1220.96739171071,1227.433765120748,1226.164190870843,1226.9504507054771
2025-03-06,1220.96739171071,1219.4838347341476,1221.675677981479,1221.951765856814,1223.1829383323102
2025-03-07,1219.4838347341476,1219.183113725385,1218.7512246430967,1219.5405028796401,1219.0579402174367
2025-03-10,1219.183113725385,1222.0199152413788,1218.303311823069,1219.7734772308233,1219.5295450638832
2025-03-11,1222.0199152413788,1209.1089599318375,1217.7391094539175,1221.9437340153797,1221.5460168387788
2025-03-12,1209.1089599318375,1209.7304500166133,1208.334600768703,1209.0565065718774,1209.2096587563442
2025-03-13,1209.7304500166133,1214.942947501832,1207.537110223517,1209.6665077346954,1209.7275746987373
2025-03-14,1214.942947501832,1216.8926220419762,1212.4568359850568,1214.8513235789687,1213.7201606736992
2025-03-17,1216.8926220419762,1218.8422965821208,1213.276070342505,1217.5223947555717,1216.3414678366269
2025-03-18,1218.8422965821208,1209.0588397637102,1216.1664854027258,1218.4635980804737,1218.065952170153
2025-03-19,1209.0588397637102,1220.5864784329435,1211.1428699382482,1209.9154666652885,1211.0609099322755
2025-03-20,1220.5864784329435,1220.5864784329435,1218.4674379045662,1220.8648622508572,1220.6027711439842
2025-03-21,1220.5864784329435,1222.4008285191446,1219.3113169349692,1221.5839500334496,1220.888062256854
2025-03-24,1222.4008285191446,1219.3034021288897,1221.6363982761907,1222.6180347137056,1222.2877731422013
2025-03-25,1219.3034021288897,1219.764507675659,1217.8231908568887,1219.6168648297325,1219.2959640973886
2025-03-26,1219.764507675659,1218.9826330528763,1220.3702608555116,1220.6888561402445,1221.3401628583522
2025-03-27,1218.9826330528763,1218.9826330528763,1216.773568786809,1218.765044409072,1218.7241971759784
2025-03-28,1218.9826330528763,1214.4718179214372,1216.951183137696,1219.1284918223291,1218.886472391957
2025-03-31,1214.4718179214372,1214.4718179214372,1212.9101093622148,1214.4547243866346,1214.3711717649005
2025-04-01,1214.4718179214372,1213.469414558895,1213.3731113532854,1214.304544170459,1214.0251407475434
2025-04-02,1213.469414558895,1211.414487665684,1213.3323003611345,1213.5303413720396,1213.8958386981856
2025-04-03,1211.414487665684,1211.414487665684,1209.6333945467538,1211.0752203723102,1210.7891026857774
2025-04-04,1211.414487665684,1212.015929683209,1209.9254348168538,1211.087950268391,1210.9690859150967
2025-04-07,1212.015929683209,1213.1586695165067,1210.795797332658,1211.7700267585897,1211.626149060519
2025-04-08,1213.1586695165067,1211.665088506319,1212.1748780978885,1212.9908560466442,1212.8119112276604
2025-04-09,1211.665088506319,1211.3443194303056,1210.676358034965,1211.4556458688712,1211.3325630353143
2025-04-10,1211.3443194303056,1208.8383110239506,1210.4716485105896,1211.0033238149117,1210.9450647757178
2025-04-11,1208.8383110239506,1203.4253328662235,1208.0568240485125,1208.5252302098104,1208.449204285646
2025-04-14,1203.4253328662235,1206.5929274918565,1203.4226171861283,1202.6370413073805,1202.7962909127687
2025-04-15,1206.5929274918565,1205.5905241293144,1204.9707149515955,1205.9994233233808,1205.8424892420142
2025-04-16,1205.5905241293144,1203.7260538749863,1204.7218459532294,1205.0523871141518,1205.248244747704
2025-04-17,1203.7260538749863,1201.861583620658,1202.9816031890668,1203.1172771226366,1203.1385182054275
2025-04-18,1201.861583620658,1199.9971133663298,1200.671372134516,1201.1331247427418,1201.1720815523047
2025-04-21,1199.9971133663298,1199.9971133663298,1199.4213424260097,1199.207603823115,1199.3286938910783
2025-04-22,1199.9971133663298,1199.8968730300758,1198.51803991212,1199.2448037611034,1199.2715980015805
2025-04-23,1199.8968730300758,1199.8968730300758,1198.7623629489685,1199.3209138464522,1199.3211611109286
2025-04-24,1199.8968730300758,1198.9646379029114,1198.6898441072478,1199.2819925053188,1199.2863989776868
2025-04-25,1198.9646379029114,1199.716440424818,1198.0353180389195,1198.3841761986953,1198.3510462888046
2025-04-28,1199.716440424818,1204.748505304779,1199.0423013523787,1199.4143167176328,1199.3328168200112
2025-04-29,1204.748505304779,1201.5307905110194,1203.3044833157842,1204.3831249880982,1204.2449836313972
2025-04-30,1201.5307905110194,1201.9718479905378,1201.4754758304227,1201.617920926407,1201.5410310089399
2025-05-01,1201.9718479905378,1202.412905470056,1201.7261580922222,1201.8506598797353,1201.6951274778096
2025-05-02,1202.412905470056,1240.8466531363513,1202.1005674992266,1202.363393151767,1202.2551161849074
2025-05-05,1240.8466531363513,1201.8509706571301,1240.2586684122266,1244.6815844695336,1243.8945749698448
2025-05-06,1201.8509706571301,1207.7389609484635,1208.3152088572551,1205.1741882599872,1208.899077518952
2025-05-07,1207.7389609484635,1203.0926556845545,1209.594496213586,1210.0964435624705,1212.8486949750418
2025-05-08,1203.0926556845545,1203.0926556845545,1204.0466167557613,1205.2223156852833,1206.7827585309024
2025-05-09,1203.0926556845545,1200.2588100171272,1206.3625754878972,1205.4515868058102,1207.881689519897
2025-05-12,1200.2588100171272,1195.5624368085637,1195.1839742980283,1200.6185443868642,1200.8434313777402
2025-05-13,1195.5624368085637,1191.026281022894,1196.38353194512,1196.6390507853578,1197.9427556166486
2025-05-14,1191.026281022894,1187.8920276875413,1189.8351752967146,1192.0699281455682,1192.7251641681964
2025-05-15,1187.8920276875413,1188.042231521504,1186.8611857159665,1188.8854861633574,1189.6179659201357
2025-05-16,1188.042231521504,1188.042231521504,1186.1483236864447,1189.0254191000297,1189.9268892644104
2025-05-19,1188.042231521504,1187.2811987627601,1182.703996373662,1188.9172481462947,1188.7419656837328
2025-05-20,1187.2811987627601,1184.8078422968429,1188.7088908950982,1188.6002933347627,1189.805093052737
2025-05-21,1184.8078422968429,1183.876578526275,1182.638301622926,1185.7953392777533,1186.5810480053872
2025-05-22,1183.876578526275,1184.2270541388543,1182.6276426437596,1184.9214777835014,1185.7066974329023
2025-05-23,1184.2270541388543,1184.4773938621254,1182.2946094934289,1185.3212563159973,1186.0289768446073
2025-05-26,1184.4773938621254,1183.3058039572174,1182.8234102947958,1185.373472830858,1186.102842776009
2025-05-27,1183.3058039572174,1183.3058039572174,1181.8754499438407,1184.2977413196363,1185.0271284045484
2025-05-28,1183.3058039572174,1182.204309174825,1181.9351259746752,1184.2051295929484,1184.998594218756
2025-05-29,1182.204309174825,1182.2243363526868,1180.8859292562602,1183.2665712617822,1184.02470961061
2025-05-30,1182.2243363526868,1182.204309174825,1180.489521861476,1183.1761558610908,1183.9002879533964
2025-06-02,1182.204309174825,1184.4072987396098,1181.0807477032536,1182.1474938067993,1182.1839900849934
2025-06-03,1184.4072987396098,1184.4072987396098,1183.8377252696523,1184.1972877330543,1184.1289993284256
2025-06-04,1184.4072987396098,1180.7122844241303,1184.3309154626786,1184.2526678737966,1184.2372717063781
2025-06-05,1180.7122844241303,1180.1314962661415,1181.0192630708887,1180.420980527061,1180.4381535417099
2025-06-06,1180.1314962661415,1175.4751774133017,1179.8396225739025,1179.7170856354917,1179.6278666141704
2025-06-09,1175.4751774133017,1174.0031798404686,1175.7473438076083,1174.9734748793112,1175.2220930643657
2025-06-10,1174.0031798404686,1162.8280145936524,1173.8113247989957,1173.1577351291485,1173.0915136911476
2025-06-11,1162.8280145936524,1162.7679330600674,1163.3345682522684,1161.7969684672742,1162.5113507638257
2025-06-12,1162.7679330600674,1162.2672536135256,1162.3958570068432,1161.6328112269657,1161.709322244419
2025-06-13,1162.2672536135256,1164.3600937000706,1161.204543657971,1161.0783388299942,1160.3158979482605
2025-06-16,1164.3600937000706,1165.2513031149156,1163.588810079126,1163.7186260629076,1163.7086302735056
2025-06-17,1165.2513031149156,1162.8880961272375,1163.4419077986156,1164.5468012394495,1164.7110909086803
2025-06-18,1162.8880961272375,1162.8880961272375,1162.8320492603384,1162.327728321914,1162.5612142277955
2025-06-19,1162.8880961272375,1162.8880961272375,1162.3692558074458,1162.173502466098,1162.2256272911434
2025-06-20,1162.8880961272375,1160.3846988945277,1162.2396939817781,1162.2568894147157,1162.3244341255024
2025-06-23,1160.3846988945277,1159.1730546338963,1160.28304373003,1159.8392297294158,1159.90442434319
2025-06-24,1159.1730546338963,1155.6783120970335,1158.4626524089076,1158.4767562294974,1158.5412481030894
2025-06-25,1155.6783120970335,1149.8604169282162,1156.3713041155356,1155.3909239016916,1155.8264923535958
2025-06-26,1149.8604169282162,1149.6601451495994,1149.780325067223,1148.8355098773977,1148.848769344801
2025-06-27,1149.6601451495994,1144.0325081704682,1148.7202169122966,1148.6645050116658,1148.7410666361802
2025-06-30,1144.0325081704682,1144.783527340281,1143.601620489911,1142.876858576491,1143.2237464208124
2025-07-01,1144.783527340281,1143.8021956250589,1143.5933671309292,1143.7437812510548,1143.70193296638
2025-07-02,1143.8021956250589,1143.7120733246813,1142.859317220795,1143.20457102204,1143.324025696261
2025-07-03,1143.7120733246813,1142.5204562419115,1143.0837384784265,1143.1328389542953,1143.2222600340144
2025-07-04,1142.5204562419115,1134.1891502514536,1141.2671356202275,1141.9980236123681,1141.9688105685095
2025-07-07,1134.1891502514536,1132.0262150423923,1134.8141813328216,1133.1735037116252,1133.4212887975195
2025-07-08,1132.0262150423923,1132.2264868210093,1131.425965535395,1130.9589817071678,1130.819435193367
2025-07-09,1132.2264868210093,1131.2751958725796,1131.6383470129895,1131.293721785314,1130.4864099784968
2025-07-10,1131.2751958725796,1132.0262150423923,1130.995831759227,1130.8224713620457,1130.8335827161438
2025-07-11,1132.0262150423923,1128.3512279047745,1130.3942531461885,1131.3592465908969,1131.400036134731
2025-07-14,1128.3512279047745,1137.8641373890712,1128.4487882496455,1127.9072914894512,1128.2927513017912
2025-07-15,1137.8641373890712,1133.348008781263,1136.5087998566617,1136.793362947264,1136.7071102349698
2025-07-16,1133.348008781263,1134.7699384094421,1133.6603241850653,1133.8568930691042,1134.240916688147
2025-07-17,1134.7699384094421,1136.4021534051687,1134.78929810162,1134.2022608313787,1134.3560894055267
2025-07-18,1136.4021534051687,1134.0189192396292,1136.0671211747358,1136.270481018289,1136.2272805465518
2025-07-21,1134.0189192396292,1132.9674924018914,1135.5399882628828,1134.062566030769,1134.2954478354393
2025-07-22,1132.9674924018914,1133.3880631369861,1132.238789148648,1132.2361279289762,1132.2772037253899
2025-07-23,1133.3880631369861,1130.7544892481756,1133.1920564119036,1133.152428967526,1133.0946959331106
2025-07-24,1130.7544892481756,1132.3766906549715,1130.8196494730375,1130.4911754168147,1130.523123264949
2025-07-25,1132.3766906549715,1130.8345979596224,1131.5251884220597,1132.0740427830024,1132.0671909088476
2025-07-28,1130.8345979596224,1125.327124047661,1130.9561934616918,1130.6503036575418,1130.6215970829262
2025-07-29,1125.327124047661,1125.877871438857,1124.868583303478,1124.6299998713325,1124.8112830925738
2025-07-30,1125.877871438857,1124.0053303087905,1125.5982876260266,1125.2790222313595,1125.1478697075063
2025-07-31,1124.0053303087905,1124.0053303087905,1123.8344516709847,1123.4804579680747,1123.656550484589
2025-08-01,1124.0053303087905,1124.9766484350819,1123.2893210738448,1123.624093158396,1123.7411223678118
2025-08-04,1124.9766484350819,1121.031294396331,1124.2151939551409,1124.8179167676258,1124.9034551739946
2025-08-05,1121.031294396331,1119.0986717326793,1121.338226916276,1120.7143734099016,1120.8798847037247
2025-08-06,1119.0986717326793,1119.5893375902904,1118.6133255981833,1118.6841196938212,1118.6938052958415
2025-08-07,1119.5893375902904,1122.7636452813663,1119.2505834425049,1119.2231939890105,1119.3844529896774
2025-08-08,1122.7636452813663,1123.7650041744503,1121.9505659335389,1122.5870569726653,1122.6908890029156
2025-08-11,1123.7650041744503,1122.7636452813663,1123.358507083998,1123.7066787674896,1123.8772362447328
2025-08-12,1122.7636452813663,1121.0112672184696,1123.4612135292102,1122.7224565276179,1122.8259700180372
2025-08-13,1121.0112672184696,1122.5133055580955,1121.1262689419195,1120.8330143756273,1120.9287557517687
2025-08-14,1122.5133055580955,1119.0085494323016,1122.4041338776965,1122.3482819189876,1122.4068091023357
2025-08-15,1119.0085494323016,1115.4737525397156,1119.061335520531,1118.9170814598501,1119.07380782896
2025-08-18,1115.4737525397156,1115.503793306508,1115.4308847950947,1115.033667768506,1115.050255450045
2025-08-19,1115.503793306508,1113.030436840591,1115.4026466444186,1115.1634692525406,1115.1483707058374
2025-08-20,1113.030436840591,1113.410953219963,1113.2802471517666,1112.7500988205877,1112.9114004938042
2025-08-21,1113.410953219963,1112.229349726124,1112.5951091030595,1113.0122459056436,1113.1690521221433
2025-08-22,1112.229349726124,1115.4336981839924,1111.4439521670276,1111.8940141084433,1112.038732328846
2025-08-25,1115.4336981839924,1115.443711772923,1114.8092494346545,1115.2725814932633,1115.3677471394556
2025-08-26,1115.443711772923,1116.7755191007248,1115.2051884340285,1115.3995081685375,1115.5375445022028
2025-08-27,1116.7755191007248,1118.3776933296588,1116.9969759933938,1116.7075518731965,1116.758574573273
2025-08-28,1118.3776933296588,1121.0112672184694,1118.2086538465392,1118.4141521051038,1118.471985938637
2025-08-29,1121.0112672184694,1117.3362800808513,1121.7110893404756,1121.3142824581994,1121.438875528496
2025-09-01,1117.3362800808513,1117.6767421045001,1118.2349609549426,1117.2747120661156,1117.4449762332497
2025-09-02,1117.6767421045001,1101.3746193250945,1117.8695249104821,1117.5199718904464,1117.4722775311732
2025-09-03,1101.3746193250945,1101.5949182815727,1103.5046155667349,1101.0169419796473,1101.8051475503441
2025-09-04,1101.5949182815727,1101.5949182815727,1101.5495915830065,1101.3785639434998,1102.0583161622187
2025-09-05,1101.5949182815727,1118.5278971636212,1100.9227880789497,1100.9770167819845,1100.0746960287215
2025-09-08,1118.5278971636212,1118.4477884521746,1117.270469871669,1117.5524036288334,1116.8975494613949
2025-09-09,1118.4477884521746,1119.5392696456358,1119.0134221856,1118.9164757945505,1118.7882599664738
2025-09-10,1119.5392696456358,1116.8055598675169,1122.1252286009442,1120.8140976928996,1120.8750315791212
2025-09-11,1116.8055598675169,1116.8055598675169,1118.2573438298475,1117.6238530968094,1117.6276391147946
2025-09-12,1116.8055598675169,1116.8055598675169,1117.6820192912987,1117.6042587481886,1117.6005082283157
2025-09-15,1116.8055598675169,1116.555220144246,1116.2979035510787,1116.3004657069673,1116.3085914714518
2025-09-16,1116.555220144246,1116.304880420975,1116.5512552531459,1116.5207266949546,1116.548901225394
2025-09-17,1116.304880420975,1116.2047445316666,1117.322281091132,1116.451216645156,1116.6946484890761
2025-09-18,1116.2047445316666,1117.256171369405,1116.0519690380106,1116.1200148599685,1116.155499556728
2025-09-19,1117.256171369405,1115.3035215278912,1116.9333515904793,1117.2245988899458,1117.2337154319737
2025-09-22,1115.3035215278912,1114.632611069525,1113.7623989611066,1115.1436368903258,1114.3001558379863
2025-09-23,1114.632611069525,1116.9858044682724,1114.4662353553865,1114.5242355896685,1114.5534820951366
2025-09-24,1116.9858044682724,1115.6840379072632,1116.425553214438,1116.925378401442,1116.9331052769314
2025-09-25,1115.6840379072632,1116.2848532431135,1115.9808512522363,1115.6571208158632,1115.736073243049
2025-09-26,1116.2848532431135,1115.6840379072632,1115.9415370865313,1116.162887682232,1116.2225962928947
2025-09-29,1115.6840379072632,1112.4396350936713,1115.6008118325078,1115.6024693717013,1115.6442803361313
2025-09-30,1112.4396350936713,1113.5411298760637,1112.7907500124131,1112.4392698325955,1112.4524061032125
2025-10-01,1113.5411298760637,1107.8333841854856,1112.817252231042,1113.3453266551053,1113.3145099614935
2025-10-02,1107.8333841854856,1107.3327047389437,1108.0740810985985,1107.6564323561563,1107.7748307557795
2025-10-03,1107.3327047389437,1109.6358301930366,1106.6787432350372,1106.8348446689529,1106.7116452854834
2025-10-06,1109.6358301930366,1111.8388197578208,1108.8422825795922,1109.4819538437496,1109.42512947575
2025-10-07,1111.8388197578208,1106.7719437588164,1111.6441883327798,1111.794480234546,1111.8106145739343
2025-10-08,1106.7719437588164,1106.7719437588164,1106.4100979081338,1106.5218724658794,1106.5717188253434
2025-10-09,1106.7719437588164,1106.7719437588164,1106.685691663958,1106.4272202025793,1106.4089088116912
2025-10-10,1106.7719437588164,1109.415531236558,1106.3318674465847,1106.6064584610892,1106.7215022058926
2025-10-13,1109.415531236558,1106.5216040355454,1108.9009936001296,1109.303629469721,1109.313550785762
2025-10-14,1106.5216040355454,1107.2225552607042,1106.279867612078,1106.442436442305,1106.4773086432483
2025-10-15,1107.2225552607042,1107.2225552607042,1106.8525979987892,1107.0007660720914,1107.0159760287077
2025-10-16,1107.2225552607042,1107.2225552607042,1107.236268853145,1107.1235167262814,1107.1334921503833
2025-10-17,1107.2225552607042,1106.5216040355454,1107.0204546568878,1107.1080858143878,1107.0955805151416
2025-10-20,1106.5216040355454,1107.723234707246,1105.58284185133,1106.398138208189,1106.4015513105912
2025-10-21,1107.723234707246,1109.5256807147969,1107.1013825683267,1107.6019233121915,1107.5580098539083
2025-10-22,1109.5256807147969,1109.5256807147969,1109.527173638141,1109.4882852382202,1109.4087325285059
2025-10-23,1109.5256807147969,1108.1237782644796,1109.4646587700386,1109.5179806681838,1109.4886359883528
2025-10-24,1108.1237782644796,1106.5816855691305,1108.1264495255455,1108.0374554784155,1107.996700167914
2025-10-27,1106.5816855691305,1101.9153531273596,1106.3465705959916,1106.458264039877,1106.457292140317
2025-10-28,1101.9153531273596,1111.9189284692675,1102.4490696584842,1101.7763131691227,1102.0131933774771
2025-10-29,1111.9189284692675,1110.6672298529127,1110.7202109902494,1111.1540995684857,1111.054981328689
2025-10-30,1110.6672298529127,1110.7172977975667,1111.0573261984769,1111.6108766711125,1111.93252238483
2025-10-31,1110.7172977975667,1103.4374186448472,1111.3540686179463,1110.728504983226,1111.037891691131
2025-11-03,1103.4374186448472,1100.3532332541486,1104.2738709267894,1103.4063734000713,1103.4494526837689
2025-11-04,1100.3532332541486,1112.5597981608412,1101.233359270685,1099.9916916354305,1100.2274977535014
2025-11-05,1112.5597981608412,1108.4341995213358,1110.6250797716123,1111.140493453,1111.312394991348
2025-11-06,1108.4341995213358,1108.4542266991975,1109.3490993103605,1109.4641391530445,1109.5635451725013
2025-11-07,1108.4542266991975,1107.4528678061135,1108.7571980714933,1108.4458000346237,1108.814320755646
2025-11-10,1107.4528678061135,1103.5575817120173,1108.0176455779085,1107.481968620343,1107.6512688383796
2025-11-11,1103.5575817120173,1103.7979078463575,1105.0540474902662,1103.3812033019374,1103.5736318853433
2025-11-12,1103.7979078463575,1103.7979078463575,1101.631270873865,1103.017192958576,1102.8137675361559
2025-11-13,1103.7979078463575,1103.7979078463575,1103.5657779840965,1103.6513239238525,1103.7976791154056
2025-11-14,1103.7979078463575,1105.0496064627123,1103.2352557011402,1103.6388292904805,1103.6952880808478
2025-11-17,1105.0496064627123,1106.301305079067,1104.8093749249317,1105.088374884855,1105.2916823047015
2025-11-18,1106.301305079067,1102.7264538307577,1106.2775406582969,1106.1850391982425,1106.189783108459
2025-11-19,1102.7264538307577,1103.2471604551613,1101.6395873417941,1102.5075296926768,1101.9329137910202
2025-11-20,1103.2471604551613,1103.0569022654754,1103.097273953582,1103.0795388958024,1102.98766342046
2025-11-21,1103.0569022654754,1103.0569022654754,1102.6146426902874,1102.897846347963,1102.9599695579018
2025-11-24,1103.0569022654754,1108.2139005648576,1102.711159710158,1102.9043533113197,1102.9480396514318
2025-11-25,1108.2139005648576,1115.814214563364,1107.6417202342739,1107.5895435784828,1107.7064257179857
2025-11-26,1115.814214563364,1120.0199219143165,1116.128635428912,1115.9112480574472,1115.4875665050683
2025-11-27,1120.0199219143165,1122.823726814951,1121.3907488412601,1120.6889363868897,1120.079283378498
2025-11-28,1122.823726814951,1126.5688090750846,1124.758471273166,1124.4483149646142,1124.5333350814076
2025-12-01,1126.5688090750846,1128.7017035173533,1128.5198792095252,1128.5658230104784,1127.6254106081685
2025-12-02,1128.7017035173533,1135.7913244803872,1130.4473874263845,1130.7754274361425,1130.54001010865
2025-12-03,1135.7913244803872,1136.1418000929664,1137.5403212081826,1138.1253084371108,1136.9519923847865
2025-12-04,1136.1418000929664,1135.0403053105742,1138.3527186040528,1137.8327782544352,1137.4489523950417
2025-12-05,1135.0403053105742,1134.7699384094417,1137.2601353781502,1136.4435356647896,1136.730374437964
2025-12-08,1134.7699384094417,1132.6570711450345,1136.133729677474,1135.7572250649214,1135.8527519205154
2025-12-09,1132.6570711450345,1135.9215011364881,1133.5158062422004,1133.0073416556618,1132.9084169690025
2025-12-10,1135.9215011364881,1134.109041540006,1135.2970782617663,1136.1240419657993,1135.832913859573
2025-12-11,1134.109041540006,1134.1591094846603,1134.4165093829909,1134.3208801671738,1134.325453671233
2025-12-12,1134.1591094846603,1135.360740156361,1134.4656535677752,1134.2581810056272,1134.1329496131973
2025-12-15,1135.360740156361,1134.739897642649,1135.1908266229975,1135.4463400163988,1135.345983630727
2025-12-16,1134.739897642649,1140.2673987324722,1135.197561056625,1134.9085195446364,1134.7058214285269
2025-12-17,1140.2673987324722,1126.5387683082922,1139.522223970024,1139.7006150079728,1139.679827128028
2025-12-18,1126.5387683082922,1128.4213230272899,1128.541135146852,1127.106775969831,1127.371175131265
2025-12-19,1128.4213230272899,1138.5550750252987,1128.6110709151365,1128.4156544109055,1128.4602812300575
2025-12-22,1138.5550750252987,1138.9255778157396,1137.6846908022517,1137.4521648806353,1136.4250422132072
2025-12-23,1138.9255778157396,1140.9983907244232,1140.466904512451,1139.6189850699013,1139.6948515080207
2025-12-24,1140.9983907244232,1141.0734926414045,1140.8096911239286,1139.9076166742482,1140.1864701236425
2025-12-25,1141.0734926414045,1141.1485945583856,1142.941501520036,1141.8509437965859,1141.8479563200513
2025-12-26,1141.1485945583856,1141.9496816728529,1141.949035809542,1141.5044774738144,1141.5171080316902
2025-12-29,1141.9496816728529,1148.1280660431803,1141.476275969793,1141.4218843875813,1141.3968161459366
2025-12-30,1148.1280660431803,1147.2468702172666,1148.278808534996,1148.0825891614456,1148.0249412967771
2025-12-31,1147.2468702172666,1147.2468702172666,1147.633476715171,1147.7642244025192,1147.5891339723917
2026-01-01,1147.2468702172666,1147.2468702172666,1149.711792023653,1147.529114955981,1147.8667275771115
2026-01-02,1147.2468702172666,1150.4011507304808,1147.9929435468289,1147.3226490647714,1147.1861011732358
2026-01-05,1150.4011507304808,1152.3738277498562,1150.21872845098,1150.5797151989118,1150.347940725359
2026-01-06,1152.3738277498562,1145.4844785654393,1152.8191170790062,1152.3658976919717,1152.4192504285586
2026-01-07,1145.4844785654393,1145.4844785654393,1146.9112364812488,1145.6455879815262,1145.679772191552
2026-01-08,1145.4844785654393,1148.6187319007918,1146.0206331136292,1145.2950883747337,1145.121332256468
2026-01-09,1148.6187319007918,1149.1694792919877,1148.865079195408,1148.4998538968578,1148.319102648794
2026-01-12,1149.1694792919877,1143.9423858700902,1149.6380329732153,1149.2950129743035,1149.1215428752507
2026-01-13,1143.9423858700902,1140.1071813095787,1143.843577140305,1143.8447088296548,1143.6804516130496
2026-01-14,1140.1071813095787,1141.1085402026624,1141.0938018244406,1140.058923941015,1140.0978314485997
2026-01-15,1141.1085402026624,1143.5418423128563,1141.2616706694696,1140.9214232820834,1140.8304392364582
2026-01-16,1143.5418423128563,1107.6041263414086,1143.3023876978746,1143.4068843127297,1143.3341240631535
2026-01-19,1107.6041263414086,1143.0074202617375,1111.262356128603,1108.2566718132164,1109.5417565853325
2026-01-20,1143.0074202617375,1140.321491613744,1139.5280895055648,1143.1736917100443,1143.9970962262064
2026-01-21,1140.321491613744,1139.3230051275011,1142.503750425632,1142.0938531020815,1143.1685575607698
2026-01-22,1139.3230051275011,1141.319978099987,1142.0658113674372,1140.2650242161142,1142.3812871808382
2026-01-23,1141.319978099987,1143.0174051266001,1140.4313079691942,1141.5385631777517,1141.349801314738
2026-01-26,1143.0174051266001,1143.3169510724729,1146.3936074279113,1145.7290698712595,1146.8027784085277
2026-01-27,1143.3169510724729,1142.8975867482511,1141.9246976540269,1143.547294565072,1143.9817444185253
2026-01-28,1142.8975867482511,1143.9060580993564,1143.2322926461798,1143.7085519492334,1144.4791081294989
2026-01-29,1143.9060580993564,1144.9045445855993,1143.6297357728756,1144.6963589481386,1145.468087101711
2026-01-30,1144.9045445855993,1143.506663504859,1144.3651877797304,1145.675183799527,1146.3059668299625
2026-02-02,1143.506663504859,1142.108782424119,1147.064329553924,1144.4785280313063,1145.595448338483
2026-02-03,1142.108782424119,1143.6065121534834,1139.1764954108576,1142.9775598485955,1142.6952697096992
2026-02-04,1143.6065121534834,1146.3423651257892,1143.9087186019171,1144.394648229483,1145.0663419472462
2026-02-05,1146.3423651257892,1145.1341964774354,1146.551251375727,1147.085867080682,1147.8246085388014
2026-02-06,1145.1341964774354,1136.3275456687727,1145.485236043728,1145.9132568057612,1146.7983331739333
2026-02-09,1136.3275456687727,1143.7163456669703,1137.5788645493149,1137.412903563621,1138.5410238642992
2026-02-10,1143.7163456669703,1148.7886570170845,1143.422831656997,1144.3968472898107,1145.0434071239315
2026-02-11,1148.7886570170845,1149.7871435033273,1149.1812071201089,1148.8481192328459,1148.305719042776
2026-02-12,1149.7871435033273,1149.6273856655284,1150.891231004436,1150.1293637545816,1151.485568160282
2026-02-13,1149.6273856655284,1148.0298072875398,1150.6564504468613,1150.0328648488016,1150.4820270803145
2026-02-16,1148.0298072875398,1148.658853773873,1150.1305639752848,1148.7359141606548,1148.8388814481616
2026-02-17,1148.658853773873,1149.8370678276394,1149.5640339699473,1148.2988632792853,1148.3148667851412
2026-02-18,1149.8370678276394,1151.9338894487498,1150.2712562217075,1149.73552703097,1149.6241363662327
2026-02-19,1151.9338894487498,1153.1819975565536,1152.516234151805,1151.9175352421153,1151.766021074969
2026-02-20,1153.1819975565536,1178.9429489016213,1154.4009191242214,1153.4060207910325,1153.2270587379076
2026-02-23,1178.9429489016213,1157.7151262040964,1180.9812247429486,1183.6145930776322,1182.3394268018724
2026-02-24,1157.7151262040964,1158.8534007984135,1162.961008619877,1159.1806208776932,1159.3935292469441
2026-02-25,1158.8534007984135,1160.7105856628255,1161.497873950724,1159.3473808852038,1160.1498056573316
2026-02-26,1160.7105856628255,1162.16837593274,1162.308221297678,1160.6249341311293,1159.785436298794
2026-02-27,1162.16837593274,1154.8794245831666,1165.5750322543743,1162.7478059477778,1163.35744553655
2026-03-02,1154.8794245831666,1157.7450807986838,1154.8641176079211,1154.6069550308894,1154.4084030533488
2026-03-03,1157.7450807986838,1156.5968213395042,1159.6283885659361,1158.2020077888858,1158.4360359332898
2026-03-04,1156.5968213395042,1155.4984862046372,1157.7949569707293,1156.8999532513428,1157.4235582511888
2026-03-05,1155.4984862046372,1155.4984862046372,1156.642494820057,1155.827671800483,1156.014061669874
2026-03-06,1155.4984862046372,1153.870953232061,1155.7256243993438,1155.6294972428868,1155.699974444791
2026-03-09,1153.870953232061,1154.4800299886695,1153.0417948107045,1154.3138832244722,1153.699154611709
2026-03-10,1154.4800299886695,1151.494555394803,1156.8041300017194,1154.6762067057548,1155.1369913357883
2026-03-11,1151.494555394803,1152.1934959351734,1152.3948272449793,1151.616082406608,1151.7108553448877
2026-03-12,1152.1934959351734,1153.9907716104105,1152.6815151012875,1152.263182415256,1152.2508936179192
2026-03-13,1153.9907716104105,1151.9588516109063,1154.2426198369824,1153.9649276563055,1153.9572472464295
2026-03-16,1151.9588516109063,1149.926931611402,1153.6741265364649,1152.2700908121453,1152.5239114429817
2026-03-17,1149.926931611402,1147.4307153957946,1150.342459521964,1149.980426059466,1150.0350570776538
2026-03-18,1147.4307153957946,1146.9314721526732,1148.5318649832354,1147.5362137320724,1147.5594983547721
2026-03-19,1146.9314721526732,1147.9299586389159,1147.6941032137208,1146.979918363339,1146.9207378337253
2026-03-20,1147.9299586389159,1137.6954721549257,1148.0806756547483,1147.9175900888592,1147.7254306082789
2026-03-23,1137.6954721549257,1138.3045489115339,1139.67558665481,1137.0909865369238,1137.2616765842463
2026-03-24,1138.3045489115339,1137.7553813441004,1138.8745213691514,1137.6948012086423,1137.8520788076892
2026-03-25,1137.7553813441004,1136.7568948578576,1138.756352132056,1136.9810159932542,1136.1450753507806
2026-03-26,1136.7568948578576,1136.7568948578576,1137.6782650864207,1136.2736889981525,1136.3256912092434
2026-03-27,1136.7568948578576,1136.7568948578576,1136.2481335488771,1136.2179914873675,1136.2467110876305
2026-03-30,1136.7568948578576,1136.7568948578576,1137.8414758806107,1136.3480630312658,1136.5732235627897
2026-03-31,1136.7568948578576,1136.7568948578576,1137.3837168012012,1136.3759539715827,1136.4202373151295
2026-04-01,1136.7568948578576,1135.488817020329,1137.8532022943386,1136.3698934887843,1136.4293673402965
2026-04-02,1135.488817020329,1134.2207391828006,1136.725132518889,1135.0999783494115,1135.161654867067
2026-04-03,1134.2207391828006,1132.952661345272,1135.3298143555335,1133.7573732261262,1133.8782606964467
2026-04-06,1132.952661345272,1136.307575939048,1135.0572536024251,1132.7761013592146,1133.2851405964213
2026-04-07,1136.307575939048,1133.56173810188,1137.1023342773806,1136.07834880758,1136.120408178291
2026-04-08,1133.56173810188,1133.56173810188,1135.083536205023,1133.28417636333,1133.391262030216
2026-04-09,1133.56173810188,1133.8113597234408,1134.9430690464192,1133.322812441686,1133.3612680746733
2026-04-10,1133.8113597234408,1133.8113597234408,1135.0223615883665,1133.6566865639495,1133.67587171991
2026-04-13,1133.8113597234408,1137.306062425291,1135.4082486108548,1133.6737538245548,1133.7296257210594
2026-04-14,1137.306062425291,1134.560224588123,1138.231106174458,1137.1941269928489,1137.2770682520543
2026-04-15,1134.560224588123,1098.9047709833087,1136.6176191697805,1134.5271545080182,1134.6274874435933
2026-04-16,1098.9047709833087,1134.0299999999997,1104.8211150264995,1099.598597687194,1100.9026109957717
2026-04-17,1134.0299999999997,1134.6799999999998,1132.3048767949397,1134.4911504631293,1136.7987594545527
2026-04-20,1134.6799999999998,1136.0799999999997,1137.6799971651735,1136.0520288437042,1136.985691724115
2026-04-21,1136.0799999999997,1135.2599999999998,1139.7819688659222,1136.371635689537,1137.8735930667128
2026-04-22,1135.2599999999998,1134.7599999999998,1137.4837477138144,1135.779126663966,1137.036138982817
2026-04-23,1134.7599999999998,1137.5099999999998,1139.895034940988,1137.3843585337193,1138.5790203730212
2026-04-24,1137.5099999999998,1136.7599999999998,1136.9823408158716,1137.70185304749,1138.1237545596455
2026-04-27,1136.7599999999998,1137.01,1138.2361924380189,1137.6525056660555,1138.5529943923016
2026-04-28,1137.01,1136.01,1137.9497348830796,1137.7675977392528,1138.5162883062994
2026-04-29,1136.01,1135.81,1137.6072409676724,1136.8428903571205,1137.674251259535
2026-04-30,1135.81,1137.1,1140.3160210107994,1136.8764687880525,1138.0929023026263
2026-05-01,1137.1,1138.3900000000003,1134.8333527722257,1137.7945835933801,1137.3925881645127
2026-05-04,1138.3900000000003,1137.4350000000002,1139.6844869380805,1139.223155743468,1140.0698208919866
2026-05-05,1137.4350000000002,1136.48,1138.8262290879757,1138.2210903432317,1139.1635197177077
2026-05-06,1136.48,1136.48,1138.0657174413743,1137.3483623804946,1138.1906093429059
2026-05-07,1136.48,1137.2300000000002,1137.8486806467215,1137.3468974101254,1138.1055295394674
2026-05-08,1137.2300000000002,1145.94,1138.1709619101084,1138.023994737746,1138.7547260255028
2026-05-11,1145.94,1142.64,1147.119637358852,1145.5459507050682,1145.3637160327057
